ticker,name_short,variant,extended_text,side,n_ext,n_hits,share,n_contexts_tested,n_contexts_matched,leak_rate,example,status,still_matches
2849,安泰銀,安泰銀,安泰銀行,after,77,273,0.2821,30,30,1.0,"。這13家銀行包 含王道銀行、臺灣企銀、兆豐銀行、元大銀行、合作金庫銀行、第一銀行、華南銀行、國 泰世華銀行、星展銀行、安泰銀行、高雄銀行、玉山銀行和陽信銀行。 王道銀行指出,易京揚實業公司與銀行的授信往來金額約14.73億元,過去還款情形正常",LEAK：真實上下文中仍會被算成該檔,True
2838,聯邦銀,聯邦銀,聯邦銀行,after,65,504,0.129,30,30,1.0,"年與順豐速運合作導入「掌櫃智能 櫃」,民眾只要下載App,就能獲得和超商一樣的寄件與取件服務;今年1月初,小北百貨 再與聯邦銀行合作,導入ATM服務。 另外,台南地區分店也與ECOCO合作,提供智慧回收機服務,方便民眾回收保特瓶、飲料 瓶等;後續",LEAK：真實上下文中仍會被算成該檔,True
2836,高雄銀,高雄銀,高雄銀行,after,63,298,0.2114,30,23,0.767,"即將 於八月屆齡的華南金控總經理羅寶珠也沒有延任,華南銀總經理鄭永春同樣在這次異動名 單當中。至於新的華南金董座則確定由高雄銀行董事長張雲鵬接任。 而土銀董事長則由原合庫總經理黃伯川接任,而土銀總經理則由台灣銀行副總經理謝娟娟 升任。至於合庫的總",LEAK：真實上下文中仍會被算成該檔,True
2312,金寶,金寶,金寶-D,after,711,2027,0.3508,30,21,0.7,股淨值低於4元、高於3元以上有上揚(6222)3.99元、中美實(4702)3.96元、進 泰(3465)3.94元、泰金寶-DR(9105)3.73元、劍湖山(5701)3.49元、中視(9928) 3.46元、尚茂(8291)3.44元、,LEAK：真實上下文中仍會被算成該檔,True
2312,金寶,金寶,金寶-DR,after,711,2027,0.3508,30,21,0.7,股淨值低於4元、高於3元以上有上揚(6222)3.99元、中美實(4702)3.96元、進 泰(3465)3.94元、泰金寶-DR(9105)3.73元、劍湖山(5701)3.49元、中視(9928) 3.46元、尚茂(8291)3.44元、,LEAK：真實上下文中仍會被算成該檔,True
1301,台塑,台塑,台塑四,after,645,4771,0.1352,30,17,0.567,"強名單內。 若由各公司現金股利總額觀察,台積電2018年現金股利勇破2,000億元大關,但其中八 成由外資領走,至於台塑四寶更是大方給,台塑化上看457億元,南亞、台塑及台化現金 股利總額也在363~396億元的高水準;此外,中華電也撥出34",LEAK：真實上下文中仍會被算成該檔,True
1301,台塑,台塑,台塑四寶,after,634,4771,0.1329,30,17,0.567,"強名單內。 若由各公司現金股利總額觀察,台積電2018年現金股利勇破2,000億元大關,但其中八 成由外資領走,至於台塑四寶更是大方給,台塑化上看457億元,南亞、台塑及台化現金 股利總額也在363~396億元的高水準;此外,中華電也撥出347",LEAK：真實上下文中仍會被算成該檔,True
2312,金寶,金寶, 泰金寶,before,624,2027,0.3078,30,14,0.467,[標的] 泰金寶火箭式噴出多 標的:泰金寶9105 DR 分類:多 分析: 1. 這幾年都有配股利有基本面又搭上防疫話題本益比及本夢比兼,LEAK：真實上下文中仍會被算成該檔,True
1810,和成,和成,溫和成,before,120,695,0.1727,30,14,0.467,"電指出,去年POS品牌營收在成熟市場中締造新猷,IPC於集團中成長力道最為強勁, 繳交雙位數成長成績,KIOSK營收重返溫和成長,在部分大客戶新舊產品交替的轉換調整 期中,仍成功在同應用領域布建新客群,預期新客戶營收貢獻將於中長期逐步發酵。 以",LEAK：真實上下文中仍會被算成該檔,True
1810,和成,和成,和成長,after,203,695,0.2921,30,13,0.433,"指出,去年POS品牌營收在成熟市場中締造新猷,IPC於集團中成長力道最為強勁, 繳交雙位數成長成績,KIOSK營收重返溫和成長,在部分大客戶新舊產品交替的轉換調整 期中,仍成功在同應用領域布建新客群,預期新客戶營收貢獻將於中長期逐步發酵。 以營",LEAK：真實上下文中仍會被算成該檔,True
2312,金寶,金寶,泰金寶,before,957,2027,0.4721,30,12,0.4,每股淨值低於4元、高於3元以上有上揚(6222)3.99元、中美實(4702)3.96元、進 泰(3465)3.94元、泰金寶-DR(9105)3.73元、劍湖山(5701)3.49元、中視(9928) 3.46元、尚茂(8291)3.44元、,LEAK：真實上下文中仍會被算成該檔,True
1434,福懋,福懋,福懋油,after,125,523,0.239,30,12,0.4,艾華電子 0.229 562 3115 寶島極 0.227 561 1225 福懋油 0.227 561 1419 新紡 0.227 561 1315 達新工業 0.2,LEAK：真實上下文中仍會被算成該檔,True
1536,和大,和大,和大家,after,106,1271,0.0834,30,12,0.4,"不是因為郭台銘是因為 大家愛中華民國真心不換。 以下是郭台銘臉書全文: 想想為何國旗帽會爆紅呢? 這兩天忙海外行程,沒和大家分享心情,但因為我收到一則來訊,讓我十分感動,而且鴻 海股東們一定很開心,所以雖然晚了點,還是趕快和大家報告。 幫鴻海",LEAK：真實上下文中仍會被算成該檔,True
1519,華城,華城,京華城,before,226,1640,0.1378,30,9,0.3,"位:新台幣 10.0000元 3.心得/評論: 好幾年沒配的中石化開獎了,不知道月底的京華城拍賣如何...禮拜一電梯向__",LEAK：真實上下文中仍會被算成該檔,True
1218,泰山,泰山,泰山公,after,131,1277,0.1026,30,9,0.3,"文內容: 泰山第三代公司爆詐貸逾10億 欽泰老闆遭搜索約談 出版時間:2019/04/08 15:53 欽泰公司專將泰山公司的仙草蜜、八寶粥等產品行銷至國外,如今爆出詐貸疑雲。資料 照片 老牌食品廠泰山公司第三代家族成員詹舜淇開設的台灣欽泰",LEAK：真實上下文中仍會被算成該檔,True
1218,泰山,泰山,泰山公司,after,127,1277,0.0995,30,9,0.3,"文內容: 泰山第三代公司爆詐貸逾10億 欽泰老闆遭搜索約談 出版時間:2019/04/08 15:53 欽泰公司專將泰山公司的仙草蜜、八寶粥等產品行銷至國外,如今爆出詐貸疑雲。資料 照片 老牌食品廠泰山公司第三代家族成員詹舜淇開設的台灣欽泰國",LEAK：真實上下文中仍會被算成該檔,True
1201,味全,味全,味全龍,after,41,465,0.0882,20,5,0.25,[新聞] 味全龍重返中職 吳志揚:相關作業已啟動 https://goo.gl/GpjPEY 味全龍重返中職 吳志揚:相關作業已啟動,LEAK：真實上下文中仍會被算成該檔,True
1810,和成,和成,和成本,after,138,695,0.1986,30,7,0.233,"中國市場的投資計劃,還有近1/4企業已延緩在中國的投資。 此外,還有約1/5企業已經或正在考慮把生產線移出中國,而關稅和成本高漲是最主要的兩個原因,還有一些外企已經開始辭退員工。 大陸資深財經人士週二發推文說,川普對華商品加徵關稅的決定,可能",LEAK：真實上下文中仍會被算成該檔,True
1434,福懋,福懋,福懋科,after,71,523,0.1358,30,7,0.233,"2)、聯陽(3014)、迅德(6292)、禾伸堂(3026)、敦陽科(2480)、 森鉅(8942)、宏益(1452)及福懋科(8131)等16家,現金股利皆超過1.5元,最高有9 元不等。 歐洲央行(ECB)延遲升息並向銀行提供新一輪低成本貸",LEAK：真實上下文中仍會被算成該檔,True
2015,豐興,豐興,豐興鋼,after,43,343,0.1254,19,4,0.211,"具機 波及棒線產品 2019-06-14 13:36中央社 記者韋樞台北14日電 中部鋼鐵大廠豐興今天舉行股東常會,豐興鋼鐵表示,由於美中貿易戰影響,機械和工具 機業受波及,連帶影響豐興的棒線特殊鋼產品,僅鋼筋和型鋼產品表現持穩。 豐興鋼鐵",LEAK：真實上下文中仍會被算成該檔,True
2912,統一超,統一超,統一超商,after,131,883,0.1484,30,6,0.2,"n推出首間未來無人商店「X-Store」,引起熱議,而進到店內需要會員 臉部辨識或持有i-cash,近期似乎嚐鮮期過了;統一超商總經理黃瑞典坦言,無人超商投 入的成本遠超過收益,要繼續展店很難,目前要暫時擱置,「X-Store一開始很多人去嘗 試,",LEAK：真實上下文中仍會被算成該檔,True
1713,國化,國化,中國化,before,78,191,0.4084,30,6,0.2,5萬XD 現在三萬就有4K電視65吋 這都是中國汙染自己環境換來的 何必要對這些東西課稅呢 一點意義也沒有..... 中國化學工廠 三不五時就在大爆炸 你逼這些工廠出走 去其他國家爆炸?!,LEAK：真實上下文中仍會被算成該檔,True
2101,南港,南港,南港輪,after,65,791,0.0822,30,6,0.2,、亞洲水泥、嘉新水泥、環球水泥 食品工業: 味全食品、味王醱酵、津津食品、味王罐頭 化學工業: 中國化學、新竹玻璃、南港輪胎、台灣塑膠、南亞塑膠、台灣聚合、華夏塑膠 台灣玻璃、南僑化工、台灣火柴、國泰塑膠 紡織工業: 中國人纖、遠東紡織、大,LEAK：真實上下文中仍會被算成該檔,True
2101,南港,南港,南港輪胎,after,65,791,0.0822,30,6,0.2,、亞洲水泥、嘉新水泥、環球水泥 食品工業: 味全食品、味王醱酵、津津食品、味王罐頭 化學工業: 中國化學、新竹玻璃、南港輪胎、台灣塑膠、南亞塑膠、台灣聚合、華夏塑膠 台灣玻璃、南僑化工、台灣火柴、國泰塑膠 紡織工業: 中國人纖、遠東紡織、大明,LEAK：真實上下文中仍會被算成該檔,True
2901,欣欣,欣欣,片欣欣,before,49,187,0.262,30,6,0.2,"牌嗎? 還沒翻就這樣了耶! 真的還好你不是美國公衛官僚 怎麼不繼續擁護你的蓋牌當流感就沒事論? 還講的好像老人死光就一片欣欣向榮 近代之前能跟現在比嗎? 歷史上哪個時代有像現在是老人這麼多還在掌權的? 而且現代老人根本不是以往的二分法""老了=沒",LEAK：真實上下文中仍會被算成該檔,True
2901,欣欣,欣欣,一片欣欣,before,49,187,0.262,30,6,0.2,"翻牌嗎? 還沒翻就這樣了耶! 真的還好你不是美國公衛官僚 怎麼不繼續擁護你的蓋牌當流感就沒事論? 還講的好像老人死光就一片欣欣向榮 近代之前能跟現在比嗎? 歷史上哪個時代有像現在是老人這麼多還在掌權的? 而且現代老人根本不是以往的二分法""老了=沒",LEAK：真實上下文中仍會被算成該檔,True
1612,宏泰,宏泰,宏泰人壽,after,58,286,0.2028,24,4,0.167,"只有4.7元本錢。 他也發現,部分壽險的(股東權益/資產)的比例頗低,例如全球人壽的3.17%、第一金人壽的1.5%、宏泰人壽3.2%、遠雄4.56%、三商美邦3.72%、新光人壽3.62%、南山4.64%、台銀人壽2.59%,扣除公營的壽險,全",LEAK：真實上下文中仍會被算成該檔,True
1713,國化,國化,美國化,before,54,191,0.2827,30,5,0.167,[新聞] 李克強訪歐讓步 歐盟「美國化」 1.原文連結: https://www.epochtimes.com/b5/19/4/9/n11174126.htm,LEAK：真實上下文中仍會被算成該檔,True
2727,王品,王品,王品集,after,101,893,0.1131,30,4,0.133,"連結: https://money.udn.com/money/story/5607/3683337 2.原文內容: 王品集團今(7)日召開董事會,通過2018年財務報告,受惠店數增加、持續聚焦「新品 牌發展」、「多品牌持續優化」與「增長品牌加",LEAK：真實上下文中仍會被算成該檔,True
2727,王品,王品,王品集團,after,101,893,0.1131,30,4,0.133,"連結: https://money.udn.com/money/story/5607/3683337 2.原文內容: 王品集團今(7)日召開董事會,通過2018年財務報告,受惠店數增加、持續聚焦「新品 牌發展」、「多品牌持續優化」與「增長品牌加速",LEAK：真實上下文中仍會被算成該檔,True
1612,宏泰,宏泰,宏泰人,after,58,286,0.2028,24,3,0.125,"只有4.7元本錢。 他也發現,部分壽險的(股東權益/資產)的比例頗低,例如全球人壽的3.17%、第一金人壽的1.5%、宏泰人壽3.2%、遠雄4.56%、三商美邦3.72%、新光人壽3.62%、南山4.64%、台銀人壽2.59%,扣除公營的壽險,",LEAK：真實上下文中仍會被算成該檔,True
1752,南光,南光,陳南光,before,76,209,0.3636,27,2,0.074,"回從事金融投資管理運用範 圍、研議財富管理方案、吸引國際企業來台掛牌、提供企業發展所需資金等措施。 台灣中央銀行副總裁陳南光表示,在全球供應鏈重組之際,台灣政府趁機促進產業轉型升 級,並推出「歡迎台商回台投資行動方案」、境外資金匯回條例等,同時",LEAK：真實上下文中仍會被算成該檔,True
2705,六福,六福,六福村,after,45,274,0.1642,27,2,0.074,"保證,消費者如有退票需求,可直接至訂席中心依票面金額退費。至於逾期未使用票 券將視同現金,可於集團旗下台北六福萬怡酒店、六福村主題遊樂園等事業體使用。 3.心得/評論:是直接不做飯店了?三星級老飯店,很久囉,沒說改建後要蓋成什麼建物?",LEAK：真實上下文中仍會被算成該檔,True
2605,新興,新興,新興市,after,1408,3923,0.3589,30,2,0.067,"5%,最終11月升至20%。同在11月,將中盤A股以20%的納入因數一步納入MSCI中 國指數。三步驟完成後,MSCI新興市場指數將涵蓋253檔A股大盤股、168檔A股中盤股,形 式上的權重占3.3%。 MSCI的CEO Henry",LEAK：真實上下文中仍會被算成該檔,True
2312,金寶,金寶,  泰金寶,before,437,2027,0.2156,30,2,0.067,"......Space X創辦人馬斯克推出「星鏈計畫」,衝刺低軌衛星布局 ,被外界視為6G發展關鍵。台廠將跟隨計畫成長。 泰金寶賭賭看.出處置搞不好翻倍.",LEAK：真實上下文中仍會被算成該檔,True
1210,大成,大成,大成長,after,313,3749,0.0835,30,2,0.067,"5元,潛在跌幅達27%。 其他多數外資則普遍維持偏多觀點,例如德意志認為,和大今年重點在第2季轉折,屆時 營收會比首季大成長,支撐全年業績向上,最新目標價由161元調整為144元,仍居外資前 三高;另一家大和資本則重申較中性的「持有」,目標價1",LEAK：真實上下文中仍會被算成該檔,True
2707,晶華,晶華,晶華酒,after,47,452,0.104,30,2,0.067,"2016年政黨輪替後不了了之。 韓國瑜昨日受邀出席工商協進會理監事會議,並以「南方崛起 高雄首富」為題發表專題 演講,晶華酒店董事長潘思亮還當著韓國瑜的面,表態期待高雄可以重新推動自由經濟示 範區,且租稅優惠比照新加坡,進而大幅提升外資對高雄投",LEAK：真實上下文中仍會被算成該檔,True
2707,晶華,晶華,晶華酒店,after,47,452,0.104,30,2,0.067,"2016年政黨輪替後不了了之。 韓國瑜昨日受邀出席工商協進會理監事會議,並以「南方崛起 高雄首富」為題發表專題 演講,晶華酒店董事長潘思亮還當著韓國瑜的面,表態期待高雄可以重新推動自由經濟示 範區,且租稅優惠比照新加坡,進而大幅提升外資對高雄投資",LEAK：真實上下文中仍會被算成該檔,True
1303,南亞,南亞,南亞科 ,after,1877,8454,0.222,30,1,0.033,75 2888 新光金 -11969 3226639 26.47 2408 南亞科 -10295 649163 21.21 3481 群創,LEAK：真實上下文中仍會被算成該檔,True
1303,南亞,南亞,南亞科  ,after,1781,8454,0.2107,30,1,0.033,75 2888 新光金 -11969 3226639 26.47 2408 南亞科 -10295 649163 21.21 3481 群創,LEAK：真實上下文中仍會被算成該檔,True
2905,三商,三商,三商壽,after,1088,1863,0.584,30,1,0.033,─────────────────────────────────────── 1. 標的:2867三商壽 2. 分類:多/空/請益/心得 請益 3. 分析/正文:買了196張10.60勝率大嗎? 不知道該放,LEAK：真實上下文中仍會被算成該檔,True
2905,三商,三商,三商美,after,314,1863,0.1685,30,1,0.033,"[新聞] 三商美邦通過虧損撥補案,無發放股利 1.原文連結: ※過長無法點擊者必須縮網址 http://mops.twse.com.tw",LEAK：真實上下文中仍會被算成該檔,True
2905,三商,三商,三商美邦,after,312,1863,0.1675,30,1,0.033,"[新聞] 三商美邦通過虧損撥補案,無發放股利 1.原文連結: ※過長無法點擊者必須縮網址 http://mops.twse.com.tw/",LEAK：真實上下文中仍會被算成該檔,True
2723,美食-KY,美食,來美食,before,108,595,0.1815,30,1,0.033,"升,每股獲利表現佳、且近期股價強勢的 個股計有15檔。 觀察首季毛利率表現,以信驊63.5%居冠,美吾華60.6%、漢來美食46.2%,名列第二與第 三;另外,花仙子、老爺知、臺鹽、元翎、中華電、統一、統一超、新鉅科等,第1季毛 利率也都超過三",LEAK：真實上下文中仍會被算成該檔,True
2723,美食-KY,美食,漢來美食,before,108,595,0.1815,30,1,0.033,"提升,每股獲利表現佳、且近期股價強勢的 個股計有15檔。 觀察首季毛利率表現,以信驊63.5%居冠,美吾華60.6%、漢來美食46.2%,名列第二與第 三;另外,花仙子、老爺知、臺鹽、元翎、中華電、統一、統一超、新鉅科等,第1季毛 利率也都超過三",LEAK：真實上下文中仍會被算成該檔,True
1603,華電,華電,中華電,before,5088,5622,0.905,30,0,0.0,"合理薪資待遇等。 根據勞動基金運用局公布的資料,去年底新制勞退基金台股前十大持股標的,台積電占比 達21.3%,其次是中華電信5.8%,第三是國泰金3.8%,其後依序為鴻海3.5%、台達電3.2% 、富邦金3.2%、大立光2.5%、兆豐金2.2",已被現行規則擋掉,False
1303,南亞,南亞,東南亞,before,3143,8454,0.3718,30,0,0.0,"企業經營,以及以執法為名的尋租滋事,如蒼蠅防不 勝防,最令企業經營者心力交瘁。 14、對民企管束太多,當前中國民企外有東南亞印度等勞動力成本低廉的競爭對手,內有 行政干預和盤剝,老板累死累活只是為房東和員工打工,不堪重負之下企業只有關門大吉 。",已被現行規則擋掉,False
1303,南亞,南亞,南亞科,after,2821,8454,0.3337,30,0,0.0,[標的] 2408南亞科(多) 1. 標的:南亞科2408 2. 分類:多 3. 分析/正文: 基本面:dram堪憂 技術面:感覺可以 籌碼,已被現行規則擋掉,False
1210,大成,大成,大成鋼,after,2189,3749,0.5839,30,0,0.0,-1.60 -0.14% 1231口 漲停家數:16 跌停家數:1 成交量大:金像電 新光金 大成鋼 欣興 大同 成交值大:台積電 台達電 國巨 大立光 可成 https://goo.gl/fus9Jk 三大法人期貨未,已被現行規則擋掉,False
1603,華電,華電,華電信,after,1837,5622,0.3268,30,0,0.0,"理薪資待遇等。 根據勞動基金運用局公布的資料,去年底新制勞退基金台股前十大持股標的,台積電占比 達21.3%,其次是中華電信5.8%,第三是國泰金3.8%,其後依序為鴻海3.5%、台達電3.2% 、富邦金3.2%、大立光2.5%、兆豐金2.2%",已被現行規則擋掉,False
1210,大成,大成,大成鋼 ,after,1523,3749,0.4062,30,0,0.0,-1.60 -0.14% 1231口 漲停家數:16 跌停家數:1 成交量大:金像電 新光金 大成鋼 欣興 大同 成交值大:台積電 台達電 國巨 大立光 可成 https://goo.gl/fus9Jk 三大法人期貨未平,已被現行規則擋掉,False
1210,大成,大成,大成鋼  ,after,1418,3749,0.3782,30,0,0.0,-1.60 -0.14% 1231口 漲停家數:16 跌停家數:1 成交量大:金像電 新光金 大成鋼 欣興 大同 成交值大:台積電 台達電 國巨 大立光 可成 https://goo.gl/fus9Jk 三大法人期貨未平倉,已被現行規則擋掉,False
2605,新興,新興,新興市場,after,1381,3923,0.352,30,0,0.0,"5%,最終11月升至20%。同在11月,將中盤A股以20%的納入因數一步納入MSCI中 國指數。三步驟完成後,MSCI新興市場指數將涵蓋253檔A股大盤股、168檔A股中盤股,形 式上的權重占3.3%。 MSCI的CEO Henry",已被現行規則擋掉,False
1603,華電,華電, 中華電,before,1289,5622,0.2293,30,0,0.0,[新聞] 5G電信新契機 中華電前董事長獻3策略轉 5G電信新契機 中華電前董事長獻3策略轉型 1.原文連結: https://tw.finance.,已被現行規則擋掉,False
1603,華電,華電,  中華電,before,833,5622,0.1482,30,0,0.0,9.37 2891 中信金 2593 8038064 41.22 2412 中華電 2469 1345754 17.34 2303 聯電,已被現行規則擋掉,False
2905,三商,三商,三商壽 ,after,712,1863,0.3822,30,0,0.0,1 2379 瑞昱 -1578 329028 64.75 2867 三商壽 -1553 176164 7.42 6456 GIS-KY,已被現行規則擋掉,False
1603,華電,華電,2中華電,before,680,5622,0.121,30,0,0.0,看板 Stock 標題 [請益] 關於2412中華電 時間 Tue,已被現行規則擋掉,False
1603,華電,華電,12中華電,before,680,5622,0.121,30,0,0.0,) 看板 Stock 標題 [請益] 關於2412中華電 時間 Tue,已被現行規則擋掉,False
2905,三商,三商,三商壽  ,after,654,1863,0.351,30,0,0.0,1 2379 瑞昱 -1578 329028 64.75 2867 三商壽 -1553 176164 7.42 6456 GIS-KY,已被現行規則擋掉,False
2471,資通,資通,資通訊,after,516,941,0.5484,30,0,0.0,"加價值及強烈需求等特性,已吸引國際ICT科技大廠投 入,尤其成為我國PC及手機業者轉型的新藍海。還有,台灣擁有全球領先的資通訊產業, 台灣醫療水平位居亞洲第一、全球第三,更可貴的是台灣擁有健保資料庫的數據金礦優勢 ,使台灣是發展數位醫療與人工智慧",已被現行規則擋掉,False
1603,華電,華電,"
中華電",before,507,5622,0.0902,30,0,0.0,華南金融控股股份有限公司 彰化商業銀行股份有限公司 臺灣中小企業銀行股份有限公司 關貿網路股份有限公司 交通部派任者 中華電信股份有限公司 陽明海運股份有限公司 桃園航勤股份有限公司 台灣航業股份有限公司 經濟部派任者 中國鋼鐵股份有限公司,已被現行規則擋掉,False
1109,信大,信大,投信大,before,323,793,0.4073,30,0,0.0,": 在台股破底之際,能夠開低後強力拉回 : : 代表這個價位有著強力的支撐點 : : 從前一波12/21-12/25 投信大買三萬張旺宏來看 : : 17元附近正是這三萬張的低守線 : : 外資倒 內資就接 : : 二、 : : 先前曾傳出旺宏",已被現行規則擋掉,False
1109,信大,信大,相信大,before,304,793,0.3834,30,0,0.0,"神A、Corolla Altis已做了發表上市前的第一階段業代訓練準備,因此也 將車型資料給流了出來,看了預售價格之後,相信大家對和泰的訂價策略一定會有深刻的 印象,尤其能把1.8升Hybrid油電導入國產,然後在價格上也能漂亮的壓在80多萬,這",已被現行規則擋掉,False
6923,中台,中台,其中台,before,262,618,0.4239,30,0,0.0,"日來最大單日買超。 萬寶投顧董事長朱成志指出,從勞動基金及退撫基金最新持股來看,排名前十大持股,幾 乎都是大型權值股,其中台積電持股逼近二成,對中華電、國泰金等也是高持股,一旦政 府基金因去年大賠壓力下,將手中賺錢的股票都賣掉,未來操作困難度將",已被現行規則擋掉,False
1109,信大,信大,信大家,after,229,793,0.2888,30,0,0.0,"A、Corolla Altis已做了發表上市前的第一階段業代訓練準備,因此也 將車型資料給流了出來,看了預售價格之後,相信大家對和泰的訂價策略一定會有深刻的 印象,尤其能把1.8升Hybrid油電導入國產,然後在價格上也能漂亮的壓在80多萬,這樣",已被現行規則擋掉,False
2471,資通,資通,資通訊產,after,214,941,0.2274,30,0,0.0,"加價值及強烈需求等特性,已吸引國際ICT科技大廠投 入,尤其成為我國PC及手機業者轉型的新藍海。還有,台灣擁有全球領先的資通訊產業, 台灣醫療水平位居亞洲第一、全球第三,更可貴的是台灣擁有健保資料庫的數據金礦優勢 ,使台灣是發展數位醫療與人工智慧的",已被現行規則擋掉,False
2905,三商,三商,三商美邦人,after,207,1863,0.1111,30,0,0.0,",2018年每股盈餘0.43元,低於前年的2.11元,擬以法定盈餘公積、資本公積發 放現金股利每股0.5元。 三商旗下三商美邦人壽去年營運不利,由於股權資產投資收益減少、避險成本持續攀高, 去年第4季單季稅後淨損7.1億元,導致2018年全年稅後淨",已被現行規則擋掉,False
6923,中台,中台,",其中台",before,193,618,0.3123,30,0,0.0,"7日來最大單日買超。 萬寶投顧董事長朱成志指出,從勞動基金及退撫基金最新持股來看,排名前十大持股,幾 乎都是大型權值股,其中台積電持股逼近二成,對中華電、國泰金等也是高持股,一旦政 府基金因去年大賠壓力下,將手中賺錢的股票都賣掉,未來操作困難度將",已被現行規則擋掉,False
6923,中台,中台,中台積,after,162,618,0.2621,30,0,0.0,"來最大單日買超。 萬寶投顧董事長朱成志指出,從勞動基金及退撫基金最新持股來看,排名前十大持股,幾 乎都是大型權值股,其中台積電持股逼近二成,對中華電、國泰金等也是高持股,一旦政 府基金因去年大賠壓力下,將手中賺錢的股票都賣掉,未來操作困難度將加",已被現行規則擋掉,False
6923,中台,中台,中台積電,after,157,618,0.254,30,0,0.0,"來最大單日買超。 萬寶投顧董事長朱成志指出,從勞動基金及退撫基金最新持股來看,排名前十大持股,幾 乎都是大型權值股,其中台積電持股逼近二成,對中華電、國泰金等也是高持股,一旦政 府基金因去年大賠壓力下,將手中賺錢的股票都賣掉,未來操作困難度將加大",已被現行規則擋掉,False
1109,信大,信大,信大哥,after,150,793,0.1892,30,0,0.0,"外資和自營商感覺還是在觀望?買VIX超多.金融股被外資玩了一天就拋棄,可憐喔 有南電的股友,應該爽翻天了,投信大哥已經罩了一星期以上了吧,如果3月2X日時買的 放到現在,獲利應該有20%UP了,恭喜了!",已被現行規則擋掉,False
2471,資通,資通,資通訊產業,after,137,941,0.1456,30,0,0.0,"加價值及強烈需求等特性,已吸引國際ICT科技大廠投 入,尤其成為我國PC及手機業者轉型的新藍海。還有,台灣擁有全球領先的資通訊產業, 台灣醫療水平位居亞洲第一、全球第三,更可貴的是台灣擁有健保資料庫的數據金礦優勢 ,使台灣是發展數位醫療與人工智慧的最",已被現行規則擋掉,False
6923,中台,中台,中台灣,after,134,618,0.2168,30,0,0.0,"意去當演員,就是紀錄柯的日常,預計一個月作2集,從4月柯參加大甲媽祖遶境回來之後,才會開始做。 由於柯文哲4月7日將去中台灣走大甲媽祖遶境,被議員批評無心市政,柯今早聽聞後稱自己從台大當醫師到現在,都是全年無休,坦白講貼標籤就算了,他的工作時間",已被現行規則擋掉,False
2468,華經,華經,華經濟,after,125,227,0.5507,30,0,0.0,"了新訂單指數高於五十,其餘的生產指數、原材料庫存指數、從業人員指數及供應商 配送時間指數均低於五十。 ING駐香港大中華經濟學家彭藹嬈表示,除非美中貿易戰真的延長停火,中國製造業疲弱 趨勢不可能很快結束,預期三月PMI指數將持續下跌。 中國國",已被現行規則擋掉,False
1109,信大,信大,信大家都,after,112,793,0.1412,30,0,0.0,"---------------------- 1. 標的:3176 基亞 2. 分類:多 3. 分析/正文: 相信大家都有在前兩天看到消息,基亞的合作夥伴Oncolys以500億日圓的授權金 賣給了羅氏的子公司中外製藥。 基亞也會有相當可觀",已被現行規則擋掉,False
1414,東和,東和,股東和,before,93,314,0.2962,30,0,0.0,"額度,RBC都得達250%以 上才可以做。 依照南山人壽公告,現增245億元,其中原股東認購90%、員工認股10%,原股東和員工認 購不足者,則授權董事長洽特定人依發行價格認購。 2011年南山人壽現增137億元時,其中100億元就是由原股東",已被現行規則擋掉,False
4994,傳奇,傳奇,傳奇投,after,88,537,0.1639,30,0,0.0,"資人之一,這要歸功於他過去數十年來賺得優渥報酬的紀 錄輝煌,因此巴菲特似乎正是人們應該聆聽投資建議的對象。 然而,這位傳奇投資人再接受雅虎(Yahoo)財經專訪時,被問人們常犯下哪些最嚴重的 投資錯誤時說,在尋求投資建議時「千萬別對我這種專家言",已被現行規則擋掉,False
2903,遠百,遠百,遠百股,after,87,922,0.0944,27,0,0.0,") 等股領頭向前衝,近一周來遠百更大受三 大法人矚目,成交量能突破10萬張,量價齊揚,1日股價上揚來到22.7元。 遠百股價近一個月來漲幅近三成,上周更拉出漲停,除了年中慶延續暑假消費旺季來臨 ,第二季底集團與投信作帳行情雙雙加持,董事長徐旭",已被現行規則擋掉,False
2468,華經,華經,中華經,before,86,227,0.3789,30,0,0.0,"除了新訂單指數高於五十,其餘的生產指數、原材料庫存指數、從業人員指數及供應商 配送時間指數均低於五十。 ING駐香港大中華經濟學家彭藹嬈表示,除非美中貿易戰真的延長停火,中國製造業疲弱 趨勢不可能很快結束,預期三月PMI指數將持續下跌。 中國",已被現行規則擋掉,False
4994,傳奇,傳奇,傳奇投資,after,86,537,0.1601,30,0,0.0,"資人之一,這要歸功於他過去數十年來賺得優渥報酬的紀 錄輝煌,因此巴菲特似乎正是人們應該聆聽投資建議的對象。 然而,這位傳奇投資人再接受雅虎(Yahoo)財經專訪時,被問人們常犯下哪些最嚴重的 投資錯誤時說,在尋求投資建議時「千萬別對我這種專家言聽",已被現行規則擋掉,False
2468,華經,華經,華經濟研,after,84,227,0.37,30,0,0.0,"ws/id/4312009?exp=a 2.原文內容: 鉅亨網記者王莞甯 台北2019/05/02 10:44 中華經濟研究院今 (2) 日公布 4 月台灣製造業採購經理人指數 (PMI) 為 51.7%,指數 續揚 2.6 個百分點,創 7",已被現行規則擋掉,False
2468,華經,華經,華經濟研究,after,82,227,0.3612,30,0,0.0,"ws/id/4312009?exp=a 2.原文內容: 鉅亨網記者王莞甯 台北2019/05/02 10:44 中華經濟研究院今 (2) 日公布 4 月台灣製造業採購經理人指數 (PMI) 為 51.7%,指數 續揚 2.6 個百分點,創 7",已被現行規則擋掉,False
1515,力山,力山,力山大,after,81,384,0.2109,30,0,0.0,"按照協議行事,美國將會施加新關稅,或重新執行一些(已經解除的)關稅。 3.心得/評論: 就像之前說的:中國經濟下行壓力山大、很需要這個協議, 於是即使目前關稅仍維持在,美中貿易協議仍然可能發生; 單向執法機制也將確保中國對已簽的貿易協議不違規",已被現行規則擋掉,False
1515,力山,力山,壓力山,before,81,384,0.2109,30,0,0.0,"有按照協議行事,美國將會施加新關稅,或重新執行一些(已經解除的)關稅。 3.心得/評論: 就像之前說的:中國經濟下行壓力山大、很需要這個協議, 於是即使目前關稅仍維持在,美中貿易協議仍然可能發生; 單向執法機制也將確保中國對已簽的貿易協議不違",已被現行規則擋掉,False
1109,信大,信大,信大買,after,79,793,0.0996,30,0,0.0,": 在台股破底之際,能夠開低後強力拉回 : : 代表這個價位有著強力的支撐點 : : 從前一波12/21-12/25 投信大買三萬張旺宏來看 : : 17元附近正是這三萬張的低守線 : : 外資倒 內資就接 : : 二、 : : 先前曾傳出旺宏和",已被現行規則擋掉,False
2101,南港,南港,南港展,after,77,791,0.0973,30,0,0.0,"y.com/realtime/20190304/1526801/ 2.原文內容: 由經濟部出資興建、貿協管理營運的台北南港展覽館2館(南港2館)將於今日正 式開幕啟用,首場大型會展為2019年台北國際工具機展,今舉行聯合開幕典禮。 隨著南港2館",已被現行規則擋掉,False
2101,南港,南港,南港展覽,after,75,791,0.0948,30,0,0.0,"y.com/realtime/20190304/1526801/ 2.原文內容: 由經濟部出資興建、貿協管理營運的台北南港展覽館2館(南港2館)將於今日正 式開幕啟用,首場大型會展為2019年台北國際工具機展,今舉行聯合開幕典禮。 隨著南港2館啟",已被現行規則擋掉,False
2101,南港,南港,南港展覽館,after,71,791,0.0898,30,0,0.0,"y.com/realtime/20190304/1526801/ 2.原文內容: 由經濟部出資興建、貿協管理營運的台北南港展覽館2館(南港2館)將於今日正 式開幕啟用,首場大型會展為2019年台北國際工具機展,今舉行聯合開幕典禮。 隨著南港2館啟用",已被現行規則擋掉,False
1109,信大,信大,"
相信大",before,69,793,0.087,30,0,0.0,"------------------------ 1. 標的:3176 基亞 2. 分類:多 3. 分析/正文: 相信大家都有在前兩天看到消息,基亞的合作夥伴Oncolys以500億日圓的授權金 賣給了羅氏的子公司中外製藥。 基亞也會有相當",已被現行規則擋掉,False
1611,中電,中電,其中電,before,68,386,0.1762,30,0,0.0,"助瀾,新的資料中心機櫃都已採用BBU,預估將會是未來勢不可擋的趨勢。 3.心得/評論: 新普的非IT業務目前有5大項,其中電動腳踏車與資料中心備援電池系統已經開始發酵, 預估2019年非IT業務營收,將會從現在的個位數拉升至12~15%,隨著2",已被現行規則擋掉,False
6923,中台,中台,中台北,after,64,618,0.1036,30,0,0.0,"難有大成長 1.原文連結:https://tinyurl.com/yxsvu94b 2.原文內容: (中央社記者張建中台北2019年3月20日電)電源管理晶片廠矽力-KY (6415) 董事長陳偉 對今年營運展望保守,他認為今年營收恐難有大成",已被現行規則擋掉,False
4994,傳奇,傳奇,傳奇投資人,after,63,537,0.1173,30,0,0.0,"資人之一,這要歸功於他過去數十年來賺得優渥報酬的紀 錄輝煌,因此巴菲特似乎正是人們應該聆聽投資建議的對象。 然而,這位傳奇投資人再接受雅虎(Yahoo)財經專訪時,被問人們常犯下哪些最嚴重的 投資錯誤時說,在尋求投資建議時「千萬別對我這種專家言聽計",已被現行規則擋掉,False
9911,櫻花,櫻花,櫻花建,after,60,221,0.2715,30,0,0.0,5 5.2 2836 高雄銀 0.46 0.11 0.39 5.19 2539 櫻花建 1.1 0.2 1.3 5.19 8477 創業家 2.09 1.88,已被現行規則擋掉,False
1611,中電,中電,",其中電",before,55,386,0.1425,30,0,0.0,"波助瀾,新的資料中心機櫃都已採用BBU,預估將會是未來勢不可擋的趨勢。 3.心得/評論: 新普的非IT業務目前有5大項,其中電動腳踏車與資料中心備援電池系統已經開始發酵, 預估2019年非IT業務營收,將會從現在的個位數拉升至12~15%,隨著2",已被現行規則擋掉,False
1414,東和,東和,中東和,before,53,314,0.1688,30,0,0.0,"圖中黑色線為B計劃管道,紅色為什葉派管線。 : 從地圖上看,以色列是B計劃的軸心,反觀美以沙三國2017年至今在中東和全球的戰略 : 舉措,可以發現背後都是為了修建這條海洋能源管線:以色列要開采地中海東部天然氣供 : 應歐洲,則必須擺平與",已被現行規則擋掉,False
2910,統領,統領,大統領,before,48,99,0.4848,30,0,0.0,"徵關稅實際上仍未開始,美國 已宣布新關稅「不適用於截止日期前已在運輸途中的中國出口商品」。 3.心得/評論:高盛來給川大統領補刀了,難怪中國現在敢掀桌子翻臉,經過一年的壓力 測試,原來美國是毀人500,自損1000,川大統領為了大美利堅面子要",已被現行規則擋掉,False
1219,福壽,福壽,福壽建,after,48,179,0.2682,1,0,0.0,"為「中經國際投資股份有限公司」,於86年2月17日再 將公司名稱變更為「中經實業股份有限公司」;以下簡稱中經實業公司)及福壽建設股份 有限公司(以下簡稱福壽建設公司)之實際總負責人;被告游銀銅、游美仁(因病經本院 裁定停止審判中)為被告游淮銀之弟",已被現行規則擋掉,False
1611,中電,中電,中電熊,after,47,386,0.1218,16,0,0.0,"具去年財報保留意見導致股票打入全額交割,如今失去昆山 奇材主導權,對誠美材又是一大重擊。 昆山奇材供應京東方、華星光、中電熊貓、惠科、三星等大陸與 國際面板大廠偏光板材料,貢獻誠美材近五成營收,且具備業界 領先的2.5米超寬幅偏光板,是全球少數",已被現行規則擋掉,False
1611,中電,中電,中電熊貓,after,47,386,0.1218,16,0,0.0,"具去年財報保留意見導致股票打入全額交割,如今失去昆山 奇材主導權,對誠美材又是一大重擊。 昆山奇材供應京東方、華星光、中電熊貓、惠科、三星等大陸與 國際面板大廠偏光板材料,貢獻誠美材近五成營收,且具備業界 領先的2.5米超寬幅偏光板,是全球少數具",已被現行規則擋掉,False
1219,福壽,福壽,福壽建設,after,46,179,0.257,1,0,0.0,"為「中經國際投資股份有限公司」,於86年2月17日再 將公司名稱變更為「中經實業股份有限公司」;以下簡稱中經實業公司)及福壽建設股份 有限公司(以下簡稱福壽建設公司)之實際總負責人;被告游銀銅、游美仁(因病經本院 裁定停止審判中)為被告游淮銀之弟、",已被現行規則擋掉,False
2908,特力,特力,特力屋,after,41,139,0.295,14,0,0.0,"商店、台灣大車隊、PChome線上 購物、萊爾富、OK便利超商、美廉社、台電電費等連鎖通路,此次更拓展至環球購物中心 、特力屋、台亞加油站、三創園區、新東陽、松本清、台水水費等,並可繳納臺北市路邊 停車費,未來也將陸續納入露天拍賣、有無快送美食平",已被現行規則擋掉,False
1219,福壽,福壽,福壽建設公,after,40,179,0.2235,1,0,0.0,"於86年2月17日再 將公司名稱變更為「中經實業股份有限公司」;以下簡稱中經實業公司)及福壽建設股份 有限公司(以下簡稱福壽建設公司)之實際總負責人;被告游銀銅、游美仁(因病經本院 裁定停止審判中)為被告游淮銀之弟、妹,承被告游淮銀之命,分別負責前揭",已被現行規則擋掉,False
