ticker,name_short,variant,n_hits,side,extension,n_ext,share,extended_text
1603,華電,華電,5622,before,中,5088,0.905,中華電
2905,三商,三商,1863,after,壽,1088,0.584,三商壽
1210,大成,大成,3749,after,鋼,2189,0.5839,大成鋼
2468,華經,華經,227,after,濟,125,0.5507,華經濟
2471,資通,資通,941,after,訊,516,0.5484,資通訊
2910,統領,統領,99,before,大,48,0.4848,大統領
2312,金寶,金寶,2027,before,泰,957,0.4721,泰金寶
6923,中台,中台,618,before,其,262,0.4239,其中台
2107,厚生,厚生,83,after,勞,34,0.4096,厚生勞
2107,厚生,厚生,83,after,勞動,34,0.4096,厚生勞動
1713,國化,國化,191,before,中,78,0.4084,中國化
1109,信大,信大,793,before,投,323,0.4073,投信大
1210,大成,大成,3749,after,鋼 ,1523,0.4062,大成鋼 
2107,厚生,厚生,83,after,勞動省,32,0.3855,厚生勞動省
1109,信大,信大,793,before,相,304,0.3834,相信大
2905,三商,三商,1863,after,壽 ,712,0.3822,三商壽 
2468,華經,華經,227,before,中,86,0.3789,中華經
1210,大成,大成,3749,after,鋼  ,1418,0.3782,大成鋼  
1303,南亞,南亞,8454,before,東,3143,0.3718,東南亞
2468,華經,華經,227,after,濟研,84,0.37,華經濟研
1752,南光,南光,209,before,陳,76,0.3636,陳南光
2468,華經,華經,227,after,濟研究,82,0.3612,華經濟研究
2605,新興,新興,3923,after,市,1408,0.3589,新興市
2605,新興,新興,3923,after,市場,1381,0.352,新興市場
2905,三商,三商,1863,after,壽  ,654,0.351,三商壽  
2312,金寶,金寶,2027,after,-D,711,0.3508,金寶-D
2312,金寶,金寶,2027,after,-DR,711,0.3508,金寶-DR
1303,南亞,南亞,8454,after,科,2821,0.3337,南亞科
1603,華電,華電,5622,after,信,1837,0.3268,華電信
6923,中台,中台,618,before,",其",193,0.3123,",其中台"
2312,金寶,金寶,2027,before, 泰,624,0.3078, 泰金寶
1414,東和,東和,314,before,股,93,0.2962,股東和
2908,特力,特力,139,after,屋,41,0.295,特力屋
1810,和成,和成,695,after,長,203,0.2921,和成長
1109,信大,信大,793,after,家,229,0.2888,信大家
1713,國化,國化,191,before,美,54,0.2827,美國化
2849,安泰銀,安泰銀,273,after,行,77,0.2821,安泰銀行
9911,櫻花,櫻花,221,after,建,60,0.2715,櫻花建
1219,福壽,福壽,179,after,建,48,0.2682,福壽建
6923,中台,中台,618,after,積,162,0.2621,中台積
2901,欣欣,欣欣,187,before,片,49,0.262,片欣欣
2901,欣欣,欣欣,187,before,一片,49,0.262,一片欣欣
1219,福壽,福壽,179,after,建設,46,0.257,福壽建設
6923,中台,中台,618,after,積電,157,0.254,中台積電
1434,福懋,福懋,523,after,油,125,0.239,福懋油
1603,華電,華電,5622,before, 中,1289,0.2293, 中華電
2471,資通,資通,941,after,訊產,214,0.2274,資通訊產
1219,福壽,福壽,179,after,建設公,40,0.2235,福壽建設公
1303,南亞,南亞,8454,after,科 ,1877,0.222,南亞科 
6923,中台,中台,618,after,灣,134,0.2168,中台灣
2312,金寶,金寶,2027,before,  泰,437,0.2156,  泰金寶
2836,高雄銀,高雄銀,298,after,行,63,0.2114,高雄銀行
1515,力山,力山,384,after,大,81,0.2109,力山大
1515,力山,力山,384,before,壓,81,0.2109,壓力山
1303,南亞,南亞,8454,after,科  ,1781,0.2107,南亞科  
1612,宏泰,宏泰,286,after,人,58,0.2028,宏泰人
1612,宏泰,宏泰,286,after,人壽,58,0.2028,宏泰人壽
1810,和成,和成,695,after,本,138,0.1986,和成本
1109,信大,信大,793,after,哥,150,0.1892,信大哥
6873,泓德能源,泓德能源,162,after,-創,30,0.1852,泓德能源-創
2102,泰豐,泰豐,206,before,鼎,38,0.1845,鼎泰豐
2723,美食-KY,美食,595,before,來,108,0.1815,來美食
2723,美食-KY,美食,595,before,漢來,108,0.1815,漢來美食
1713,國化,國化,191,before,去中,34,0.178,去中國化
1611,中電,中電,386,before,其,68,0.1762,其中電
1810,和成,和成,695,before,溫,120,0.1727,溫和成
1414,東和,東和,314,before,中,53,0.1688,中東和
2905,三商,三商,1863,after,美,314,0.1685,三商美
2905,三商,三商,1863,after,美邦,312,0.1675,三商美邦
1752,南光,南光,209,before,裁陳,35,0.1675,裁陳南光
1752,南光,南光,209,before,總裁陳,35,0.1675,總裁陳南光
2705,六福,六福,274,after,村,45,0.1642,六福村
4994,傳奇,傳奇,537,after,投,88,0.1639,傳奇投
2468,華經,華經,227,before,"
中",37,0.163,"
中華經"
1713,國化,國化,191,after,學,31,0.1623,國化學
4994,傳奇,傳奇,537,after,投資,86,0.1601,傳奇投資
2912,統一超,統一超,883,after,商,131,0.1484,統一超商
1603,華電,華電,5622,before,  中,833,0.1482,  中華電
2471,資通,資通,941,after,訊產業,137,0.1456,資通訊產業
1611,中電,中電,386,before,",其",55,0.1425,",其中電"
1109,信大,信大,793,after,家都,112,0.1412,信大家都
1519,華城,華城,1640,before,京,226,0.1378,京華城
2468,華經,華經,227,after,濟艙,31,0.1366,華經濟艙
2468,華經,華經,227,before,豪,31,0.1366,豪華經
1434,福懋,福懋,523,after,科,71,0.1358,福懋科
1301,台塑,台塑,4771,after,四,645,0.1352,台塑四
1301,台塑,台塑,4771,after,四寶,634,0.1329,台塑四寶
2468,華經,華經,227,before,"

中",30,0.1322,"

中華經"
2838,聯邦銀,聯邦銀,504,after,行,65,0.129,聯邦銀行
2015,豐興,豐興,343,after,鋼,43,0.1254,豐興鋼
2705,六福,六福,274,after,客,34,0.1241,六福客
2705,六福,六福,274,after,客棧,34,0.1241,六福客棧
1611,中電,中電,386,after,熊,47,0.1218,中電熊
1611,中電,中電,386,after,熊貓,47,0.1218,中電熊貓
1603,華電,華電,5622,before,2中,680,0.121,2中華電
1603,華電,華電,5622,before,12中,680,0.121,12中華電
4994,傳奇,傳奇,537,after,投資人,63,0.1173,傳奇投資人
2727,王品,王品,893,after,集,101,0.1131,王品集
2727,王品,王品,893,after,集團,101,0.1131,王品集團
2905,三商,三商,1863,after,美邦人,207,0.1111,三商美邦人
2707,晶華,晶華,452,after,酒,47,0.104,晶華酒
2707,晶華,晶華,452,after,酒店,47,0.104,晶華酒店
6923,中台,中台,618,after,北,64,0.1036,中台北
1218,泰山,泰山,1277,after,公,131,0.1026,泰山公
1109,信大,信大,793,after,買,79,0.0996,信大買
1218,泰山,泰山,1277,after,公司,127,0.0995,泰山公司
1611,中電,中電,386,after,子,38,0.0984,中電子
2101,南港,南港,791,after,展,77,0.0973,南港展
2832,台產,台產,355,before,平,34,0.0958,平台產
1414,東和,東和,314,before,大股,30,0.0955,大股東和
2101,南港,南港,791,after,展覽,75,0.0948,南港展覽
2903,遠百,遠百,922,after,股,87,0.0944,遠百股
1603,華電,華電,5622,before,"
中",507,0.0902,"
中華電"
2101,南港,南港,791,after,展覽館,71,0.0898,南港展覽館
1201,味全,味全,465,after,龍,41,0.0882,味全龍
1109,信大,信大,793,before,"
相",69,0.087,"
相信大"
1210,大成,大成,3749,after,長,313,0.0835,大成長
1536,和大,和大,1271,after,家,106,0.0834,和大家
2101,南港,南港,791,after,輪,65,0.0822,南港輪
2101,南港,南港,791,after,輪胎,65,0.0822,南港輪胎
1216,統一,統一,6509,after,投,496,0.0762,統一投
1305,華夏,華夏,646,after,幸,49,0.0759,華夏幸
1305,華夏,華夏,646,after,幸福,49,0.0759,華夏幸福
1216,統一,統一,6509,after,證,483,0.0742,統一證
1603,華電,華電,5622,before,",中",415,0.0738,",中華電"
1109,信大,信大,793,before,"
投",58,0.0731,"
投信大"
6923,中台,中台,618,after,股,45,0.0728,中台股
1301,台塑,台塑,4771,after,集,347,0.0727,台塑集
1301,台塑,台塑,4771,after,集團,346,0.0725,台塑集團
1810,和成,和成,695,after,"長,",50,0.0719,"和成長,"
2903,遠百,遠百,922,after,公,66,0.0716,遠百公
2471,資通,資通,941,after,訊產品,67,0.0712,資通訊產品
2903,遠百,遠百,922,after,公司,63,0.0683,遠百公司
1603,華電,華電,5622,before,"

中",377,0.0671,"

中華電"
1503,士電,士電,794,before,滬,53,0.0668,滬士電
2603,長榮,長榮海運,1854,after,股,123,0.0663,長榮海運股
1109,信大,信大,793,before,",相",52,0.0656,",相信大"
1536,和大,和大,1271,after,陸,83,0.0653,和大陸
2351,順德,順德,707,before,黃,46,0.0651,黃順德
2609,陽明,陽明海運,1000,after,股,65,0.065,陽明海運股
2903,遠百,遠百,922,after,股票,59,0.064,遠百股票
2323,中環,中環,1953,after,處,124,0.0635,中環處
9937,全國,全國,2986,after,人,189,0.0633,全國人
2312,金寶,金寶,2027,before,5 泰,128,0.0631,5 泰金寶
1109,信大,信大,793,before, 相,50,0.0631, 相信大
1434,福懋,福懋,523,after,科 ,33,0.0631,福懋科 
1210,大成,大成,3749,after,分,236,0.063,大成分
2903,遠百,遠百,922,after,公司股,58,0.0629,遠百公司股
1304,台聚,台聚,621,after,集,39,0.0628,台聚集
2471,資通,資通,941,before,創,59,0.0627,創資通
1108,幸福,幸福,799,before,夏,50,0.0626,夏幸福
1108,幸福,幸福,799,before,華夏,50,0.0626,華夏幸福
1216,統一,統一,6509,after,台,407,0.0625,統一台
1109,信大,信大,793,before,我相,49,0.0618,我相信大
6923,中台,中台,618,before,建,38,0.0615,建中台
6923,中台,中台,618,before,張建,38,0.0615,張建中台
4994,傳奇,傳奇,537,after,人,33,0.0615,傳奇人
2323,中環,中環,1953,after,處分,120,0.0614,中環處分
1304,台聚,台聚,621,after,集團,38,0.0612,台聚集團
1210,大成,大成,3749,after,分股,229,0.0611,大成分股
2471,資通,資通,941,before,緯創,57,0.0606,緯創資通
1216,統一,統一,6509,after,台灣,390,0.0599,統一台灣
2317,鴻海,鴻海,20774,after,集,1236,0.0595,鴻海集
1513,中興電,中興電,1991,after,工,118,0.0593,中興電工
2605,新興,新興,3923,before,等,231,0.0589,等新興
2317,鴻海,鴻海,20774,after,集團,1221,0.0588,鴻海集團
4994,傳奇,傳奇,537,after,人物,31,0.0577,傳奇人物
1108,幸福,幸福,799,after,企,46,0.0576,幸福企
1108,幸福,幸福,799,after,企業,46,0.0576,幸福企業
2338,光罩,光罩,1157,before,灣,66,0.057,灣光罩
1216,統一,統一,6509,after,美,370,0.0568,統一美
6923,中台,中台,618,before,者張建,35,0.0566,者張建中台
1216,統一,統一,6509,after,美債,368,0.0565,統一美債
1216,統一,統一,6509,after,台灣高,368,0.0565,統一台灣高
2338,光罩,光罩,1157,before,台灣,65,0.0562,台灣光罩
2330,台積電,台積,9115,after,公,510,0.056,台積公
1216,統一,統一,6509,after,實,363,0.0558,統一實
2330,台積電,台積,9115,after,公司,502,0.0551,台積公司
1536,和大,和大,1271,after,盤,69,0.0543,和大盤
1503,士電,士電,794,after,子,43,0.0542,士電子
1109,信大,信大,793,before, 投,43,0.0542, 投信大
2605,新興,新興,3923,after,科,212,0.054,新興科
2208,台船,台船,1134,after,公,61,0.0538,台船公
6923,中台,中台,618,before,"
其",33,0.0534,"
其中台"
2605,新興,新興,3923,after,科技,209,0.0533,新興科技
2208,台船,台船,1134,after,公司,60,0.0529,台船公司
2609,陽明,陽明海運,1000,after,董,52,0.052,陽明海運董
1806,冠軍,冠軍,1144,before,形,59,0.0516,形冠軍
1806,冠軍,冠軍,1144,before,隱形,59,0.0516,隱形冠軍
1806,冠軍,冠軍,1144,before,售,58,0.0507,售冠軍
1806,冠軍,冠軍,1144,before,股,58,0.0507,股冠軍
1810,和成,和成,695,after,交,35,0.0504,和成交
1806,冠軍,冠軍,1144,before,銷售,57,0.0498,銷售冠軍
2323,中環,中環,1953,after,取,96,0.0492,中環取
2323,中環,中環,1953,after,取得,96,0.0492,中環取得
2002,中鋼,中鋼,12208,before,│,597,0.0489,│中鋼
1806,冠軍,冠軍,1144,before,總,55,0.0481,總冠軍
1806,冠軍,冠軍,1144,before,周,55,0.0481,周冠軍
2609,陽明,陽明海運,1000,after,董事,48,0.048,陽明海運董事
2603,長榮,長榮海運,1854,after,今,88,0.0475,長榮海運今
2607,榮運,榮運,782,before,長,37,0.0473,長榮運
2845,遠東銀,遠東銀,1122,after,行,53,0.0472,遠東銀行
2002,中鋼,中鋼,12208,before,日│,571,0.0468,日│中鋼
2801,彰銀,彰銀,3061,after,股,143,0.0467,彰銀股
1907,永豐餘,永豐餘,1034,after,投,48,0.0464,永豐餘投
1806,冠軍,冠軍,1144,after,寶,53,0.0463,冠軍寶
1108,幸福,幸福,799,after,呢,37,0.0463,幸福呢
3036,文曄,文曄,1524,before,購,70,0.0459,購文曄
2323,中環,中環,1953,before,:,89,0.0456,:中環
1536,和大,和大,1271,after,型,58,0.0456,和大型
1907,永豐餘,永豐餘,1034,after,集,47,0.0455,永豐餘集
1108,幸福,幸福,799,after,餐,36,0.0451,幸福餐
2812,台中銀,台中銀,1578,after,行,71,0.045,台中銀行
2338,光罩,光罩,1157,after,盒,52,0.0449,光罩盒
1806,冠軍,冠軍,1144,after,寶座,51,0.0446,冠軍寶座
1907,永豐餘,永豐餘,1034,after,集團,46,0.0445,永豐餘集團
2812,台中銀,台中銀,1578,after,保,69,0.0437,台中銀保
9937,全國,全國,2986,before,國,130,0.0435,國全國
3036,文曄,文曄,1524,before,收購,65,0.0427,收購文曄
1108,幸福,幸福,799,after,餐盒,34,0.0426,幸福餐盒
2208,台船,台船,1134,after,環,48,0.0423,台船環
6869,雲豹能源,雲豹能源,971,before,:,41,0.0422,:雲豹能源
2609,陽明,陽明海運,1000,before,:,42,0.042,:陽明海運
2312,金寶,金寶,2027,before,5泰,85,0.0419,5泰金寶
1109,信大,信大,793,after,賣,33,0.0416,信大賣
2208,台船,台船,1134,after,環海,46,0.0406,台船環海
1210,大成,大成,3749,after,"鋼
",151,0.0403,"大成鋼
"
6869,雲豹能源,雲豹能源,971,after,總,39,0.0402,雲豹能源總
2609,陽明,陽明海運,1000,after,董事長,40,0.04,陽明海運董事長
3036,文曄,文曄,1524,after,科,60,0.0394,文曄科
3036,文曄,文曄,1524,after,科技,60,0.0394,文曄科技
2905,三商,三商,1863,after,餐,72,0.0386,三商餐
9937,全國,全國,2986,after,電,115,0.0385,全國電
2915,潤泰全,潤泰全,1051,after,球,40,0.0381,潤泰全球
2605,新興,新興,3923,after,產,149,0.038,新興產
2101,南港,南港,791,before,大,30,0.0379,大南港
1907,永豐餘,永豐餘,1034,after,投控,39,0.0377,永豐餘投控
2905,三商,三商,1863,after,餐飲,70,0.0376,三商餐飲
1108,幸福,幸福,799,after,呢?,30,0.0375,幸福呢?
2330,台積電,台積,9115,before,買,340,0.0373,買台積
9937,全國,全國,2986,after,各,111,0.0372,全國各
1301,台塑,台塑,4771,after,生,177,0.0371,台塑生
6869,雲豹能源,雲豹能源,971,after,總經,36,0.0371,雲豹能源總經
6869,雲豹能源,雲豹能源,971,after,總經理,36,0.0371,雲豹能源總經理
2609,陽明,陽明海運,1000,after,股份,37,0.037,陽明海運股份
9937,全國,全國,2986,after,人大,110,0.0368,全國人大
1806,冠軍,冠軍,1144,after,賽,42,0.0367,冠軍賽
1301,台塑,台塑,4771,after,生醫,174,0.0365,台塑生醫
2471,資通,資通,941,after,安,34,0.0361,資通安
2905,三商,三商,1863,before,:,67,0.036,:三商
2727,王品,王品,893,after,表,32,0.0358,王品表
2727,王品,王品,893,after,表示,32,0.0358,王品表示
1218,泰山,泰山,1277,after,董,45,0.0352,泰山董
2471,資通,資通,941,after,安全,33,0.0351,資通安全
2903,遠百,遠百,922,before,入,32,0.0347,入遠百
2903,遠百,遠百,922,before,買入,32,0.0347,買入遠百
2727,王品,王品,893,after,"表示,",31,0.0347,"王品表示,"
2002,中鋼,中鋼,12208,after,董,422,0.0346,中鋼董
2605,新興,新興,3923,after,市場指,135,0.0344,新興市場指
2002,中鋼,中鋼,12208,before,:,413,0.0338,:中鋼
1218,泰山,泰山,1277,after,經,43,0.0337,泰山經
1303,南亞,南亞,8454,before,、東,284,0.0336,、東南亞
2605,新興,新興,3923,after,國,132,0.0336,新興國
2606,裕民,裕民,1967,before,謝,66,0.0336,謝裕民
2903,遠百,遠百,922,after,"股票,",31,0.0336,"遠百股票,"
6869,雲豹能源,雲豹能源,971,before,!,32,0.033,!雲豹能源
9937,全國,全國,2986,after,性,98,0.0328,全國性
2327,國巨*,國巨,5345,after,集,175,0.0327,國巨集
2605,新興,新興,3923,after,國家,128,0.0326,新興國家
1210,大成,大成,3749,before,十,122,0.0325,十大成
1504,東元,東元,1947,after,電,63,0.0324,東元電
2327,國巨*,國巨,5345,after,集團,172,0.0322,國巨集團
1218,泰山,泰山,1277,after,董事,41,0.0321,泰山董事
2801,彰銀,彰銀,3061,after,案,98,0.032,彰銀案
1303,南亞,南亞,8454,after,國,264,0.0312,南亞國
1102,亞泥,亞泥,2683,after,中,83,0.0309,亞泥中
2801,彰銀,彰銀,3061,after,持,94,0.0307,彰銀持
2801,彰銀,彰銀,3061,after,持股,93,0.0304,彰銀持股
1504,東元,東元,1947,after,電機,59,0.0303,東元電機
2338,光罩,光罩,1157,before,V,35,0.0303,V光罩
2338,光罩,光罩,1157,before,UV,35,0.0303,UV光罩
1102,亞泥,亞泥,2683,after,中國,81,0.0302,亞泥中國
1536,和大,和大,1271,after,宗,38,0.0299,和大宗
3036,文曄,文曄,1524,after,股,45,0.0295,文曄股
2338,光罩,光罩,1157,before,EUV,34,0.0294,EUV光罩
1519,華城,華城,1640,before,"
京",48,0.0293,"
京華城"
2609,陽明,陽明,18587,before,榮,540,0.0291,榮陽明
2609,陽明,陽明,18587,before,長榮,540,0.0291,長榮陽明
2812,台中銀,台中銀,1578,after,保經,45,0.0285,台中銀保經
1303,南亞,南亞,8454,after,國家,239,0.0283,南亞國家
1536,和大,和大,1271,after,學,36,0.0283,和大學
1504,東元,東元,1947,after,集,55,0.0282,東元集
1504,東元,東元,1947,after,董,55,0.0282,東元董
2208,台船,台船,1134,before,由,32,0.0282,由台船
2603,長榮,長榮海運,1854,after,股份,52,0.028,長榮海運股份
1806,冠軍,冠軍,1144,before,超,32,0.028,超冠軍
1504,東元,東元,1947,after,集團,54,0.0277,東元集團
2603,長榮,長榮海運,1854,after,股份有,51,0.0275,長榮海運股份有
2603,長榮,長榮海運,1854,before,:,51,0.0275,:長榮海運
2330,台積電,台積電,80903,after,股,2173,0.0269,台積電股
1536,和大,和大,1271,after,宗商,34,0.0268,和大宗商
1536,和大,和大,1271,after,宗商品,34,0.0268,和大宗商品
2002,中鋼,中鋼,12208,after,董事,316,0.0259,中鋼董事
2603,長榮,長榮海運,1854,after,今年,46,0.0248,長榮海運今年
1504,東元,東元,1947,after,董事,48,0.0247,東元董事
2317,鴻海,鴻海,20774,after,股,509,0.0245,鴻海股
2409,友達,友達,9799,after,光,238,0.0243,友達光
1210,大成,大成,3749,before,前十,91,0.0243,前十大成
1603,華電,華電,5622,after,子,136,0.0242,華電子
2002,中鋼,中鋼,12208,after,董事長,294,0.0241,中鋼董事長
2327,國巨*,國巨,5345,before,廠,128,0.0239,廠國巨
1519,華城,華城,1640,after,電,39,0.0238,華城電
2409,友達,友達,9799,after,光電,232,0.0237,友達光電
2323,中環,中環,1953,after,投,46,0.0236,中環投
2330,台積電,台積,9115,before,:,211,0.0231,:台積
9937,全國,全國,2986,before,月,69,0.0231,月全國
2609,陽明,陽明,18587,after,股,427,0.023,陽明股
2801,彰銀,彰銀,3061,after,董,69,0.0225,彰銀董
1402,遠東新,遠東新,2394,after,世,53,0.0221,遠東新世
2801,彰銀,彰銀,3061,after,經,67,0.0219,彰銀經
2606,裕民,裕民,1967,after,航,43,0.0219,裕民航
2606,裕民,裕民,1967,after,航運,43,0.0219,裕民航運
1402,遠東新,遠東新,2394,after,世紀,52,0.0217,遠東新世紀
2801,彰銀,彰銀,3061,after,經營,66,0.0216,彰銀經營
1303,南亞,南亞,8454,after,科、,181,0.0214,南亞科、
2610,華航,華航,8437,before,:,180,0.0213,:華航
1303,南亞,南亞,8454,after,市,178,0.0211,南亞市
2609,陽明,陽明,18587,after,今,388,0.0209,陽明今
2834,臺企銀,臺企銀,2219,before,n.,46,0.0207,n.臺企銀
1519,華城,華城,1640,before, 京,34,0.0207, 京華城
1303,南亞,南亞,8454,after,市場,174,0.0206,南亞市場
2327,國巨*,國巨,5345,after,股,110,0.0206,國巨股
9937,全國,全國,2986,before,年,61,0.0204,年全國
2812,台中銀,台中銀,1578,before,:,32,0.0203,:台中銀
