ticker,universe_name,n_total,n_universe_name,pct_universe_name,alt_name,n_alt_name,pct_alt_name,by_year
6768,志強-KY,46,0,0.0,志強,45,0.978,"{""2021"":{""志強"":6},""2022"":{""志強"":14},""2023"":{""志強"":11},""2024"":{""志強"":14}}"
2723,美食-KY,207,0,0.0,美食,183,0.884,"{""2019"":{""美食"":5},""2020"":{""美食"":6},""2021"":{""美食"":29},""2022"":{""美食"":62},""2023"":{""美食"":72},""2024"":{""美食"":9}}"
6671,三能-KY,27,0,0.0,三能,23,0.852,"{""2019"":{""三能"":4},""2020"":{""三能"":2},""2021"":{""三能"":2},""2022"":{""三能"":1},""2023"":{""三能"":2},""2024"":{""三能"":12}}"
2327,國巨*,999,0,0.0,國巨,789,0.79,"{""2019"":{""國巨"":51},""2020"":{""國巨"":72},""2021"":{""國巨"":200},""2022"":{""國巨"":178},""2023"":{""國巨"":164},""2024"":{""國巨"":124}}"
6890,來億-KY,40,0,0.0,來億,30,0.75,"{""2024"":{""來億"":30}}"
2712,遠雄來,21,7,0.333,上漲機率,10,0.476,"{""2019"":{""上漲機率"":10,""遠雄來"":1},""2020"":{""上漲機率"":0,""遠雄來"":3},""2021"":{""上漲機率"":0,""遠雄來"":2},""2022"":{""上漲機率"":0,""遠雄來"":1}}"
2340,台亞,366,149,0.407,光磊,171,0.467,"{""2019"":{""光磊"":17,""台亞"":0},""2020"":{""光磊"":14,""台亞"":0},""2021"":{""光磊"":139,""台亞"":12},""2022"":{""光磊"":1,""台亞"":89},""2023"":{""光磊"":0,""台亞"":41},""2024"":{""光磊"":0,""台亞"":7}}"
1338,廣華-KY,22,0,0.0,下跌機率,10,0.455,"{""2019"":{""下跌機率"":9,""廣華"":0},""2020"":{""下跌機率"":1,""廣華"":3},""2021"":{""下跌機率"":0,""廣華"":4},""2022"":{""下跌機率"":0,""廣華"":1},""2024"":{""下跌機率"":0,""廣華"":1}}"
9937,全國,22,9,0.409,上漲機率,10,0.455,"{""2019"":{""上漲機率"":10,""全國"":3},""2020"":{""上漲機率"":0,""全國"":2},""2021"":{""上漲機率"":0,""全國"":2},""2022"":{""上漲機率"":0,""全國"":1},""2024"":{""上漲機率"":0,""全國"":1}}"
1410,南染,23,5,0.217,上漲機率,10,0.435,"{""2019"":{""上漲機率"":10,""南染"":1},""2020"":{""上漲機率"":0,""南染"":1},""2021"":{""上漲機率"":0,""南染"":2},""2022"":{""上漲機率"":0,""南染"":1}}"
1413,宏洲,23,5,0.217,上漲機率,10,0.435,"{""2019"":{""上漲機率"":10,""宏洲"":0},""2020"":{""上漲機率"":0,""宏洲"":2},""2021"":{""上漲機率"":0,""宏洲"":1},""2022"":{""上漲機率"":0,""宏洲"":1},""2023"":{""上漲機率"":0,""宏洲"":1}}"
6183,關貿,26,7,0.269,上漲機率,11,0.423,"{""2019"":{""上漲機率"":10,""關貿"":1},""2020"":{""上漲機率"":1,""關貿"":4},""2021"":{""上漲機率"":0,""關貿"":1},""2024"":{""上漲機率"":0,""關貿"":1}}"
2701,萬企,22,10,0.455,上漲機率,9,0.409,"{""2019"":{""上漲機率"":9,""萬企"":1},""2020"":{""上漲機率"":0,""萬企"":2},""2021"":{""上漲機率"":0,""萬企"":2},""2023"":{""上漲機率"":0,""萬企"":5}}"
9908,大台北,25,12,0.48,上漲機率,10,0.4,"{""2019"":{""上漲機率"":10,""大台北"":1},""2020"":{""上漲機率"":0,""大台北"":4},""2021"":{""上漲機率"":0,""大台北"":4},""2024"":{""上漲機率"":0,""大台北"":3}}"
1521,大億,28,15,0.536,上漲機率,10,0.357,"{""2019"":{""上漲機率"":10,""大億"":5},""2020"":{""上漲機率"":0,""大億"":3},""2021"":{""上漲機率"":0,""大億"":1},""2022"":{""上漲機率"":0,""大億"":4},""2024"":{""上漲機率"":0,""大億"":2}}"
2423,固緯,28,16,0.571,上漲機率,10,0.357,"{""2019"":{""上漲機率"":10,""固緯"":8},""2020"":{""上漲機率"":0,""固緯"":1},""2021"":{""上漲機率"":0,""固緯"":4},""2022"":{""上漲機率"":0,""固緯"":1},""2024"":{""上漲機率"":0,""固緯"":2}}"
3130,一零四,28,11,0.393,上漲機率,10,0.357,"{""2019"":{""一零四"":1,""上漲機率"":10},""2020"":{""一零四"":2,""上漲機率"":0},""2021"":{""一零四"":3,""上漲機率"":0},""2022"":{""一零四"":2,""上漲機率"":0},""2024"":{""一零四"":3,""上漲機率"":0}}"
1418,東華,24,6,0.25,上漲機率,8,0.333,"{""2019"":{""上漲機率"":8,""東華"":1},""2020"":{""上漲機率"":0,""東華"":2},""2021"":{""上漲機率"":0,""東華"":1},""2023"":{""上漲機率"":0,""東華"":1},""2024"":{""上漲機率"":0,""東華"":1}}"
1614,三洋電,30,11,0.367,上漲機率,10,0.333,"{""2019"":{""三洋電"":4,""上漲機率"":10},""2020"":{""三洋電"":5,""上漲機率"":0},""2021"":{""三洋電"":2,""上漲機率"":0}}"
1414,東和,43,20,0.465,買了,14,0.326,"{""2019"":{""東和"":1,""買了"":0},""2020"":{""東和"":1,""買了"":6},""2021"":{""東和"":17,""買了"":4},""2022"":{""東和"":1,""買了"":4}}"
2114,鑫永銓,32,14,0.438,上漲機率,10,0.312,"{""2019"":{""上漲機率"":10,""鑫永銓"":7},""2020"":{""上漲機率"":0,""鑫永銓"":1},""2021"":{""上漲機率"":0,""鑫永銓"":5},""2024"":{""上漲機率"":0,""鑫永銓"":1}}"
2107,厚生,33,16,0.485,上漲機率,10,0.303,"{""2019"":{""上漲機率"":10,""厚生"":6},""2020"":{""上漲機率"":0,""厚生"":2},""2021"":{""上漲機率"":0,""厚生"":5},""2022"":{""上漲機率"":0,""厚生"":1},""2024"":{""上漲機率"":0,""厚生"":2}}"
