ticker,first_date,last_date,n_days,n_adjustments,min_adj_factor,n_missing_close,n_missing_inst,adjustment_method,adjustment_verified
0050,2014-01-02,2025-03-31,2742,21,0.6987817360111829,0,311,backward from TaiwanStockDividendResult before/after reference price,True
1101,2014-01-02,2025-03-31,2742,12,0.4289072840086362,2,313,backward from TaiwanStockDividendResult before/after reference price,True
1102,2014-01-02,2025-03-31,2742,12,0.5170391649696643,1,312,backward from TaiwanStockDividendResult before/after reference price,True
1103,2014-01-02,2025-03-31,2742,12,0.6185536052507894,1,316,backward from TaiwanStockDividendResult before/after reference price,True
1104,2014-01-02,2025-03-31,2742,12,0.4891098947178302,0,311,backward from TaiwanStockDividendResult before/after reference price,True
1108,2014-01-02,2025-03-31,2742,10,0.5788490084267609,0,477,backward from TaiwanStockDividendResult before/after reference price,True
1109,2014-01-02,2025-03-31,2718,15,0.6009265762391014,0,621,backward from TaiwanStockDividendResult before/after reference price,True
1110,2014-01-02,2025-03-31,2742,12,0.893895736468805,8,688,backward from TaiwanStockDividendResult before/after reference price,True
1201,2014-01-02,2025-03-31,2742,8,0.8109071077818981,0,311,backward from TaiwanStockDividendResult before/after reference price,True
1203,2014-01-02,2025-03-31,2742,12,0.6428956348063594,15,587,backward from TaiwanStockDividendResult before/after reference price,True
1210,2014-01-02,2025-03-31,2742,13,0.38981379829864476,0,311,backward from TaiwanStockDividendResult before/after reference price,True
1213,2014-01-02,2025-03-31,2624,2,0.8844301248489729,108,2004,backward from TaiwanStockDividendResult before/after reference price,True
1215,2014-01-02,2025-03-31,2742,13,0.46268214496551724,0,311,backward from TaiwanStockDividendResult before/after reference price,True
1216,2014-01-02,2025-03-31,2742,12,0.5758513682775832,1,312,backward from TaiwanStockDividendResult before/after reference price,True
1217,2014-01-02,2025-03-31,2742,5,0.8789905873533661,0,312,backward from TaiwanStockDividendResult before/after reference price,True
1218,2014-01-02,2025-03-31,2742,8,0.7453829732427446,0,313,backward from TaiwanStockDividendResult before/after reference price,True
1219,2014-01-02,2025-03-31,2742,13,0.6928416491749564,8,658,backward from TaiwanStockDividendResult before/after reference price,True
1220,2014-01-02,2025-03-31,2742,12,0.6010118114960767,0,740,backward from TaiwanStockDividendResult before/after reference price,True
1301,2014-01-02,2025-03-31,2742,12,0.6181263780138754,0,311,backward from TaiwanStockDividendResult before/after reference price,True
1303,2014-01-02,2025-03-31,2742,12,0.5845087849592426,0,311,backward from TaiwanStockDividendResult before/after reference price,True
1304,2014-01-02,2025-03-31,2742,12,0.6324153989846546,0,311,backward from TaiwanStockDividendResult before/after reference price,True
1305,2014-01-02,2025-03-31,2742,12,0.4651060088891155,0,311,backward from TaiwanStockDividendResult before/after reference price,True
1307,2014-01-02,2025-03-31,2742,12,0.548452020518973,0,331,backward from TaiwanStockDividendResult before/after reference price,True
1308,2014-01-02,2025-03-31,2742,12,0.5190753135378677,0,311,backward from TaiwanStockDividendResult before/after reference price,True
1309,2014-01-02,2025-03-31,2742,7,0.6630680134038841,0,319,backward from TaiwanStockDividendResult before/after reference price,True
1310,2014-01-02,2025-03-31,2742,10,0.6034701881735887,0,311,backward from TaiwanStockDividendResult before/after reference price,True
1312,2014-01-02,2025-03-31,2742,9,0.6942129910685167,0,311,backward from TaiwanStockDividendResult before/after reference price,True
1313,2014-01-02,2025-03-31,2742,13,0.6099406541876209,0,311,backward from TaiwanStockDividendResult before/after reference price,True
1319,2014-01-02,2025-03-31,2742,12,0.6606753639186903,0,311,backward from TaiwanStockDividendResult before/after reference price,True
1338,2014-01-02,2025-03-31,2742,12,0.6048966235919222,0,311,backward from TaiwanStockDividendResult before/after reference price,True
1339,2014-01-02,2025-03-31,2742,12,0.5795568461758976,0,403,backward from TaiwanStockDividendResult before/after reference price,True
1402,2014-01-02,2025-03-31,2742,12,0.5724349402724808,0,311,backward from TaiwanStockDividendResult before/after reference price,True
1409,2014-01-02,2025-03-31,2742,12,0.5699597093073344,0,311,backward from TaiwanStockDividendResult before/after reference price,True
1410,2014-01-02,2025-03-31,2726,14,0.7238582243174776,41,1012,backward from TaiwanStockDividendResult before/after reference price,True
1413,2014-01-02,2025-03-31,2732,1,1.0,11,750,backward from TaiwanStockDividendResult before/after reference price,True
1414,2014-01-02,2025-03-31,2742,13,0.7438028160295631,0,499,backward from TaiwanStockDividendResult before/after reference price,True
1417,2014-01-02,2025-03-31,2728,7,0.8632581473107848,0,373,backward from TaiwanStockDividendResult before/after reference price,True
1418,2014-01-02,2025-03-31,2735,1,1.0,467,1940,backward from TaiwanStockDividendResult before/after reference price,True
1419,2014-01-02,2025-03-31,2742,12,0.7400993861138159,73,563,backward from TaiwanStockDividendResult before/after reference price,True
1423,2014-01-02,2025-03-31,2728,8,0.9661581951805077,8,665,backward from TaiwanStockDividendResult before/after reference price,True
1432,2014-01-02,2025-03-31,2735,3,0.7925434034722777,2,564,backward from TaiwanStockDividendResult before/after reference price,True
1434,2014-01-02,2025-03-31,2742,12,0.5807398274341592,0,311,backward from TaiwanStockDividendResult before/after reference price,True
1471,2014-01-02,2025-03-31,2735,1,1.0,0,698,backward from TaiwanStockDividendResult before/after reference price,True
1503,2014-01-02,2025-03-31,2742,12,0.7047459415085239,0,359,backward from TaiwanStockDividendResult before/after reference price,True
1504,2014-01-02,2025-03-31,2742,12,0.6408314373295433,0,311,backward from TaiwanStockDividendResult before/after reference price,True
1506,2014-01-02,2025-03-31,2742,1,0.9605042016806722,0,500,backward from TaiwanStockDividendResult before/after reference price,True
1512,2014-01-02,2025-03-31,2735,1,1.0,6,1721,backward from TaiwanStockDividendResult before/after reference price,True
1513,2014-01-02,2025-03-31,2733,12,0.6260634515860488,0,302,backward from TaiwanStockDividendResult before/after reference price,True
1514,2014-01-02,2025-03-31,2742,12,0.5377669617428004,0,338,backward from TaiwanStockDividendResult before/after reference price,True
1515,2014-01-02,2025-03-31,2742,11,0.6870402309253019,0,320,backward from TaiwanStockDividendResult before/after reference price,True
1517,2014-01-02,2025-03-31,2742,12,0.7083938381997312,0,455,backward from TaiwanStockDividendResult before/after reference price,True
1519,2014-01-02,2025-03-31,2742,12,0.6136525241122186,0,321,backward from TaiwanStockDividendResult before/after reference price,True
1521,2014-01-02,2025-03-31,2742,12,0.5883208345875194,1,431,backward from TaiwanStockDividendResult before/after reference price,True
1522,2014-01-02,2025-03-31,2742,11,0.5930395519594682,0,311,backward from TaiwanStockDividendResult before/after reference price,True
1524,2014-01-02,2025-03-31,2735,9,0.6933368243759266,0,413,backward from TaiwanStockDividendResult before/after reference price,True
1525,2014-01-02,2025-03-31,2742,13,0.6531750315702874,3,393,backward from TaiwanStockDividendResult before/after reference price,True
1526,2014-01-02,2025-03-31,2742,11,0.6669007553165505,0,524,backward from TaiwanStockDividendResult before/after reference price,True
1527,2014-01-02,2025-03-31,2734,13,0.5686983758323407,0,311,backward from TaiwanStockDividendResult before/after reference price,True
1533,2014-01-02,2025-03-31,2742,8,0.872653025602613,0,362,backward from TaiwanStockDividendResult before/after reference price,True
1536,2014-01-02,2025-03-31,2742,14,0.7232224691972158,0,311,backward from TaiwanStockDividendResult before/after reference price,True
1582,2014-01-02,2025-03-31,2735,13,0.5492437256876356,0,311,backward from TaiwanStockDividendResult before/after reference price,True
1598,2014-01-02,2025-03-31,2742,12,0.6593040443308437,190,766,backward from TaiwanStockDividendResult before/after reference price,True
1603,2014-01-02,2025-03-31,2632,12,0.801145889130648,3,559,backward from TaiwanStockDividendResult before/after reference price,True
1604,2014-01-02,2025-03-31,2737,13,0.4830721400455769,0,311,backward from TaiwanStockDividendResult before/after reference price,True
1605,2014-01-02,2025-03-31,2742,10,0.6614385847968219,0,311,backward from TaiwanStockDividendResult before/after reference price,True
1608,2014-01-02,2025-03-31,2742,8,0.6638785263130841,0,317,backward from TaiwanStockDividendResult before/after reference price,True
1609,2014-01-02,2025-03-31,2742,10,0.6662256413583592,0,320,backward from TaiwanStockDividendResult before/after reference price,True
1611,2014-01-02,2025-03-31,2729,10,0.7112964757327136,0,319,backward from TaiwanStockDividendResult before/after reference price,True
1612,2014-01-02,2025-03-31,2742,12,0.5096357739504023,0,390,backward from TaiwanStockDividendResult before/after reference price,True
1614,2014-01-02,2025-03-31,2742,13,0.7098304441525767,2,533,backward from TaiwanStockDividendResult before/after reference price,True
1615,2014-01-02,2025-03-31,2742,15,0.34057530883419707,19,828,backward from TaiwanStockDividendResult before/after reference price,True
1616,2014-01-02,2025-03-31,2742,2,0.9306662831808745,0,746,backward from TaiwanStockDividendResult before/after reference price,True
1707,2014-01-02,2025-03-31,2742,13,0.6516258677847695,0,311,backward from TaiwanStockDividendResult before/after reference price,True
1708,2014-01-02,2025-03-31,2742,12,0.43564180758290794,0,314,backward from TaiwanStockDividendResult before/after reference price,True
1709,2014-01-02,2025-03-31,2735,13,0.49879118276469303,0,323,backward from TaiwanStockDividendResult before/after reference price,True
1710,2014-01-02,2025-03-31,2742,10,0.7276508992859549,0,311,backward from TaiwanStockDividendResult before/after reference price,True
1711,2014-01-02,2025-03-31,2742,12,0.675235921866432,0,311,backward from TaiwanStockDividendResult before/after reference price,True
1712,2014-01-02,2025-03-31,2742,12,0.4947995204905539,0,311,backward from TaiwanStockDividendResult before/after reference price,True
1713,2014-01-02,2025-03-31,2742,12,0.6153994427688049,17,960,backward from TaiwanStockDividendResult before/after reference price,True
1714,2014-01-02,2025-03-31,2742,10,0.697525662875945,0,311,backward from TaiwanStockDividendResult before/after reference price,True
1717,2014-01-02,2025-03-31,2735,13,0.5158751787200847,0,311,backward from TaiwanStockDividendResult before/after reference price,True
1718,2014-01-02,2025-03-31,2742,4,0.7732888693102608,0,311,backward from TaiwanStockDividendResult before/after reference price,True
1720,2014-01-02,2025-03-31,2742,12,0.584773725041229,1,319,backward from TaiwanStockDividendResult before/after reference price,True
1721,2014-01-02,2025-03-31,2735,4,0.8803919080719687,0,513,backward from TaiwanStockDividendResult before/after reference price,True
1731,2014-01-02,2025-03-31,2742,12,0.5929410155691544,0,605,backward from TaiwanStockDividendResult before/after reference price,True
1733,2014-01-02,2025-03-31,2742,12,0.5829418760354105,0,313,backward from TaiwanStockDividendResult before/after reference price,True
1734,2014-01-02,2025-03-31,2742,14,0.6581390427446608,2,345,backward from TaiwanStockDividendResult before/after reference price,True
1736,2014-01-02,2025-03-31,2742,12,0.5342499191570577,0,312,backward from TaiwanStockDividendResult before/after reference price,True
1752,2014-01-02,2025-03-31,2742,4,0.844622958044364,0,2027,backward from TaiwanStockDividendResult before/after reference price,True
1760,2014-01-02,2025-03-31,2742,9,0.8695488490996984,2,1064,backward from TaiwanStockDividendResult before/after reference price,True
1762,2014-01-02,2025-03-31,2742,12,0.771005083801136,0,352,backward from TaiwanStockDividendResult before/after reference price,True
1783,2014-01-02,2025-03-31,2742,8,0.7675431237746243,0,427,backward from TaiwanStockDividendResult before/after reference price,True
1786,2014-01-02,2025-03-31,2742,11,0.6577372419223191,0,375,backward from TaiwanStockDividendResult before/after reference price,True
1802,2014-01-02,2025-03-31,2742,7,0.8488690953773124,0,311,backward from TaiwanStockDividendResult before/after reference price,True
1806,2014-01-02,2025-03-31,2735,3,0.8241963273782618,0,346,backward from TaiwanStockDividendResult before/after reference price,True
1809,2014-01-02,2025-03-31,2733,13,0.8122566153550147,1,438,backward from TaiwanStockDividendResult before/after reference price,True
1810,2014-01-02,2025-03-31,2736,11,0.8041766007467376,0,387,backward from TaiwanStockDividendResult before/after reference price,True
1817,2014-01-02,2025-03-31,2742,12,0.5161293685174785,0,405,backward from TaiwanStockDividendResult before/after reference price,True
1903,2014-01-02,2025-03-31,2742,0,1.0,7,556,no ex-rights/dividend event in window,True
1904,2014-01-02,2025-03-31,2742,12,0.6058585771674503,0,311,backward from TaiwanStockDividendResult before/after reference price,True
1905,2014-01-02,2025-03-31,2732,7,0.7969886738690867,0,311,backward from TaiwanStockDividendResult before/after reference price,True
1906,2014-01-02,2025-03-31,2742,10,0.7449318401843951,0,385,backward from TaiwanStockDividendResult before/after reference price,True
1907,2014-01-02,2025-03-31,2742,11,0.6491445336439328,0,311,backward from TaiwanStockDividendResult before/after reference price,True
1909,2014-01-02,2025-03-31,2742,16,0.6016640113444415,0,311,backward from TaiwanStockDividendResult before/after reference price,True
2002,2014-01-02,2025-03-31,2742,12,0.6530206412337279,0,311,backward from TaiwanStockDividendResult before/after reference price,True
2006,2014-01-02,2025-03-31,2735,13,0.6961876129050155,0,311,backward from TaiwanStockDividendResult before/after reference price,True
2007,2014-01-02,2025-03-31,2735,1,1.0,0,751,backward from TaiwanStockDividendResult before/after reference price,True
2008,2014-01-02,2025-03-31,2742,4,0.9164502393315692,26,851,backward from TaiwanStockDividendResult before/after reference price,True
2009,2014-01-02,2025-03-31,2742,6,0.8364748691167867,0,404,backward from TaiwanStockDividendResult before/after reference price,True
2010,2014-01-02,2025-03-31,2742,12,0.547935546800546,0,330,backward from TaiwanStockDividendResult before/after reference price,True
2012,2014-01-02,2025-03-31,2742,15,0.5461997157452829,2,594,backward from TaiwanStockDividendResult before/after reference price,True
2013,2014-01-02,2025-03-31,2742,12,0.6915716012067754,0,403,backward from TaiwanStockDividendResult before/after reference price,True
2014,2014-01-02,2025-03-31,2742,5,0.8712028902892056,0,312,backward from TaiwanStockDividendResult before/after reference price,True
2015,2014-01-02,2025-03-31,2742,12,0.4979647853725476,0,311,backward from TaiwanStockDividendResult before/after reference price,True
2059,2014-01-02,2025-03-31,2742,12,0.7866875631661835,0,311,backward from TaiwanStockDividendResult before/after reference price,True
2062,2014-01-02,2025-03-31,2742,13,0.6578690111073096,0,312,backward from TaiwanStockDividendResult before/after reference price,True
2072,2020-11-30,2025-03-31,1050,0,1.0,0,1050,no ex-rights/dividend event in window,True
2101,2014-01-02,2025-03-31,2742,11,0.9213286532999013,0,311,backward from TaiwanStockDividendResult before/after reference price,True
2102,2014-01-02,2025-03-31,2741,5,0.8570000491454369,1,312,backward from TaiwanStockDividendResult before/after reference price,True
2103,2014-01-02,2025-03-31,2742,12,0.5843845826050919,0,311,backward from TaiwanStockDividendResult before/after reference price,True
2104,2014-01-02,2025-03-31,2742,10,0.49727471899241066,2,313,backward from TaiwanStockDividendResult before/after reference price,True
2105,2014-01-02,2025-03-31,2742,12,0.6286319113818466,0,311,backward from TaiwanStockDividendResult before/after reference price,True
2106,2014-01-02,2025-03-31,2742,12,0.5334040374579266,0,311,backward from TaiwanStockDividendResult before/after reference price,True
2107,2014-01-02,2025-03-31,2717,15,0.580505181285948,0,311,backward from TaiwanStockDividendResult before/after reference price,True
2108,2014-01-02,2025-03-31,2742,12,0.47169532207474507,0,313,backward from TaiwanStockDividendResult before/after reference price,True
2109,2014-01-02,2025-03-31,2735,15,0.7351016527534048,0,441,backward from TaiwanStockDividendResult before/after reference price,True
2114,2014-01-02,2025-03-31,2742,12,0.40970911851343494,0,545,backward from TaiwanStockDividendResult before/after reference price,True
2208,2014-01-02,2025-03-31,2735,7,0.7840459655283265,0,311,backward from TaiwanStockDividendResult before/after reference price,True
2302,2014-01-02,2025-03-31,2742,8,0.7824180664062274,0,603,backward from TaiwanStockDividendResult before/after reference price,True
2303,2014-01-02,2025-03-31,2742,12,0.5656918445516613,1,312,backward from TaiwanStockDividendResult before/after reference price,True
2308,2014-01-02,2025-03-31,2742,13,0.7034805487840866,0,311,backward from TaiwanStockDividendResult before/after reference price,True
2312,2014-01-02,2025-03-31,2742,10,0.7801341745819237,0,311,backward from TaiwanStockDividendResult before/after reference price,True
2313,2014-01-02,2025-03-31,2742,12,0.6479692498974086,0,311,backward from TaiwanStockDividendResult before/after reference price,True
2316,2014-01-02,2025-03-31,2724,13,0.8103643612601993,0,311,backward from TaiwanStockDividendResult before/after reference price,True
2317,2014-01-02,2025-03-31,2736,13,0.5897847800318932,1,312,backward from TaiwanStockDividendResult before/after reference price,True
2323,2014-01-02,2025-03-31,2719,6,0.8288441538257753,0,311,backward from TaiwanStockDividendResult before/after reference price,True
2327,2014-01-02,2025-03-31,2710,18,0.595629400275324,4,307,backward from TaiwanStockDividendResult before/after reference price,True
2328,2014-01-02,2025-03-31,2742,12,0.6926917171839754,0,311,backward from TaiwanStockDividendResult before/after reference price,True
2329,2014-01-02,2025-03-31,2735,6,0.8536532956330626,0,312,backward from TaiwanStockDividendResult before/after reference price,True
2330,2014-01-02,2025-03-31,2742,32,0.719495347880009,0,311,backward from TaiwanStockDividendResult before/after reference price,True
2337,2014-01-02,2025-03-31,2733,8,0.7436280351636921,0,311,backward from TaiwanStockDividendResult before/after reference price,True
2338,2014-01-02,2025-03-31,2742,9,0.7330604422976035,0,317,backward from TaiwanStockDividendResult before/after reference price,True
2340,2014-01-02,2025-03-31,2725,12,0.7644534063975168,0,310,backward from TaiwanStockDividendResult before/after reference price,True
2342,2014-01-02,2025-03-31,2734,9,0.8710414639917841,0,504,backward from TaiwanStockDividendResult before/after reference price,True
2344,2014-01-02,2025-03-31,2742,11,0.7542746771466523,0,311,backward from TaiwanStockDividendResult before/after reference price,True
2347,2014-01-02,2025-03-31,2742,12,0.4927056599252902,0,311,backward from TaiwanStockDividendResult before/after reference price,True
2349,2014-01-02,2025-03-31,2722,3,1.0,0,311,backward from TaiwanStockDividendResult before/after reference price,True
2351,2014-01-02,2025-03-31,2742,12,0.6400610806699533,0,311,backward from TaiwanStockDividendResult before/after reference price,True
2354,2014-01-02,2025-03-31,2742,12,0.6295631902014905,1,312,backward from TaiwanStockDividendResult before/after reference price,True
2355,2014-01-02,2025-03-31,2742,12,0.6364275783582437,0,311,backward from TaiwanStockDividendResult before/after reference price,True
2359,2014-01-02,2025-03-31,2735,13,0.6436313157797487,0,312,backward from TaiwanStockDividendResult before/after reference price,True
2360,2014-01-02,2025-03-31,2742,12,0.7059312633950197,0,311,backward from TaiwanStockDividendResult before/after reference price,True
2367,2014-01-02,2025-03-31,2742,10,0.7298763906309352,0,311,backward from TaiwanStockDividendResult before/after reference price,True
2373,2014-01-02,2025-03-31,2732,13,0.6009230961651987,1,339,backward from TaiwanStockDividendResult before/after reference price,True
2374,2014-01-02,2025-03-31,2734,12,0.6231506172601559,0,311,backward from TaiwanStockDividendResult before/after reference price,True
2390,2014-01-02,2025-03-31,2735,5,0.9232181013653755,0,314,backward from TaiwanStockDividendResult before/after reference price,True
2393,2014-01-02,2025-03-31,2742,12,0.4923644704273065,0,311,backward from TaiwanStockDividendResult before/after reference price,True
2404,2014-01-02,2025-03-31,2735,13,0.5030607290096512,0,311,backward from TaiwanStockDividendResult before/after reference price,True
2406,2014-01-02,2025-03-31,2737,4,0.9511223060957686,0,311,backward from TaiwanStockDividendResult before/after reference price,True
2409,2014-01-02,2025-03-31,2735,12,0.6579987119151606,0,311,backward from TaiwanStockDividendResult before/after reference price,True
2414,2014-01-02,2025-03-31,2742,12,0.46011285364201404,0,535,backward from TaiwanStockDividendResult before/after reference price,True
2423,2014-01-02,2025-03-31,2742,12,0.4718836910774327,0,529,backward from TaiwanStockDividendResult before/after reference price,True
2426,2014-01-02,2025-03-31,2732,12,0.6421114484032312,0,301,backward from TaiwanStockDividendResult before/after reference price,True
2427,2014-01-02,2025-03-31,2742,12,0.7418380442011238,0,410,backward from TaiwanStockDividendResult before/after reference price,True
2429,2014-01-02,2025-03-31,2713,3,0.7493573264781491,417,1513,backward from TaiwanStockDividendResult before/after reference price,True
2430,2014-01-02,2025-03-31,2735,13,0.6673735722874167,0,378,backward from TaiwanStockDividendResult before/after reference price,True
2433,2014-01-02,2025-03-31,2742,12,0.4266960188067865,1,522,backward from TaiwanStockDividendResult before/after reference price,True
2438,2014-01-02,2025-03-31,2725,4,1.0,17,1044,backward from TaiwanStockDividendResult before/after reference price,True
2453,2014-01-02,2025-03-31,2742,12,0.5652760237764665,0,472,backward from TaiwanStockDividendResult before/after reference price,True
2466,2014-01-02,2025-03-31,2742,4,0.887193193241541,0,437,backward from TaiwanStockDividendResult before/after reference price,True
2468,2014-01-02,2025-03-31,2742,12,0.6825813712010961,0,871,backward from TaiwanStockDividendResult before/after reference price,True
2471,2014-01-02,2025-03-31,2742,12,0.44748680681165254,0,871,backward from TaiwanStockDividendResult before/after reference price,True
2480,2014-01-02,2025-03-31,2734,13,0.5475822074958713,0,320,backward from TaiwanStockDividendResult before/after reference price,True
2601,2014-01-02,2025-03-31,2742,4,0.8188690130622526,1,312,backward from TaiwanStockDividendResult before/after reference price,True
2603,2014-01-02,2025-03-31,2735,11,0.45235172413793107,0,311,backward from TaiwanStockDividendResult before/after reference price,True
2605,2014-01-02,2025-03-31,2742,12,0.6421540152598614,0,311,backward from TaiwanStockDividendResult before/after reference price,True
2606,2014-01-02,2025-03-31,2742,12,0.5688484519759512,0,311,backward from TaiwanStockDividendResult before/after reference price,True
2607,2014-01-02,2025-03-31,2742,13,1.2560624879166584,0,311,backward from TaiwanStockDividendResult before/after reference price,True
2608,2014-01-02,2025-03-31,2742,12,0.606798077656314,0,312,backward from TaiwanStockDividendResult before/after reference price,True
2609,2014-01-02,2025-03-31,2733,6,0.4821803450491167,0,312,backward from TaiwanStockDividendResult before/after reference price,True
2610,2014-01-02,2025-03-31,2742,7,0.8073579315768992,0,311,backward from TaiwanStockDividendResult before/after reference price,True
2611,2014-01-02,2025-03-31,2742,9,0.6115241978055937,0,649,backward from TaiwanStockDividendResult before/after reference price,True
2616,2014-01-02,2025-03-31,2742,12,0.5202270852295039,1,459,backward from TaiwanStockDividendResult before/after reference price,True
2701,2014-01-02,2025-03-31,2742,12,0.6407276968819042,4,856,backward from TaiwanStockDividendResult before/after reference price,True
2702,2014-01-02,2025-03-31,2742,7,0.5139851582642698,5,839,backward from TaiwanStockDividendResult before/after reference price,True
2704,2014-01-02,2025-03-31,2742,9,0.8400628538094914,0,335,backward from TaiwanStockDividendResult before/after reference price,True
2705,2014-01-02,2025-03-31,2735,3,1.0,0,398,backward from TaiwanStockDividendResult before/after reference price,True
2706,2014-01-02,2025-03-31,2742,12,0.5972506239289924,0,521,backward from TaiwanStockDividendResult before/after reference price,True
2707,2014-01-02,2025-03-31,2742,15,0.46412310443612037,0,311,backward from TaiwanStockDividendResult before/after reference price,True
2712,2014-01-02,2025-03-31,2742,8,0.8524931425428055,269,1315,backward from TaiwanStockDividendResult before/after reference price,True
2722,2014-01-02,2025-03-31,2742,13,0.5942018698814227,259,1117,backward from TaiwanStockDividendResult before/after reference price,True
2723,2014-01-02,2025-03-31,2742,13,0.593886996582982,0,311,backward from TaiwanStockDividendResult before/after reference price,True
2727,2014-01-02,2025-03-31,2742,12,0.5794721311387319,0,311,backward from TaiwanStockDividendResult before/after reference price,True
2762,2024-01-24,2025-03-31,281,5,0.8579959089032362,0,55,backward from TaiwanStockDividendResult before/after reference price,True
2801,2014-01-02,2025-03-31,2742,12,0.4873157655542895,0,311,backward from TaiwanStockDividendResult before/after reference price,True
2812,2014-01-02,2025-03-31,2742,18,0.40937528826148445,0,311,backward from TaiwanStockDividendResult before/after reference price,True
2816,2014-01-02,2025-03-31,2742,11,0.6301695125225766,0,354,backward from TaiwanStockDividendResult before/after reference price,True
2820,2014-01-02,2025-03-31,2742,12,0.5274594049353846,0,311,backward from TaiwanStockDividendResult before/after reference price,True
2832,2014-01-02,2025-03-31,2742,13,0.728747417921055,0,335,backward from TaiwanStockDividendResult before/after reference price,True
2834,2014-01-02,2025-03-31,2742,12,0.4825924443110063,0,311,backward from TaiwanStockDividendResult before/after reference price,True
2836,2014-01-02,2025-03-31,2742,14,0.5275700844492865,0,313,backward from TaiwanStockDividendResult before/after reference price,True
2838,2014-01-02,2025-03-31,2742,12,0.4183068745925268,0,311,backward from TaiwanStockDividendResult before/after reference price,True
2845,2014-01-02,2025-03-31,2742,12,0.44722801163688236,0,311,backward from TaiwanStockDividendResult before/after reference price,True
2849,2014-01-02,2025-03-31,2742,12,0.6045684399429649,2,439,backward from TaiwanStockDividendResult before/after reference price,True
2901,2014-01-02,2025-03-31,2742,12,0.8536712507899384,17,1345,backward from TaiwanStockDividendResult before/after reference price,True
2903,2014-01-02,2025-03-31,2742,12,0.5510736931289815,0,311,backward from TaiwanStockDividendResult before/after reference price,True
2905,2014-01-02,2025-03-31,2742,12,0.5085693386319524,0,311,backward from TaiwanStockDividendResult before/after reference price,True
2906,2014-01-02,2025-03-31,2742,12,0.6463998712309815,0,573,backward from TaiwanStockDividendResult before/after reference price,True
2908,2014-01-02,2025-03-31,2742,12,0.5605712778752997,0,311,backward from TaiwanStockDividendResult before/after reference price,True
2910,2014-01-02,2025-03-31,2741,8,0.8456159925092747,261,1358,backward from TaiwanStockDividendResult before/after reference price,True
2911,2014-01-02,2025-03-31,2728,3,1.0,0,346,backward from TaiwanStockDividendResult before/after reference price,True
2912,2014-01-02,2025-03-31,2742,12,0.6565504097032239,1,312,backward from TaiwanStockDividendResult before/after reference price,True
2913,2014-01-02,2025-03-31,2742,6,0.8363932861768898,0,311,backward from TaiwanStockDividendResult before/after reference price,True
2915,2014-01-02,2025-03-31,2735,15,0.5188204589100807,0,311,backward from TaiwanStockDividendResult before/after reference price,True
3010,2014-01-02,2025-03-31,2742,12,0.49099940875945475,0,312,backward from TaiwanStockDividendResult before/after reference price,True
3028,2014-01-02,2025-03-31,2742,12,0.3981421063816478,0,328,backward from TaiwanStockDividendResult before/after reference price,True
3029,2014-01-02,2025-03-31,2742,13,0.489961389107142,0,321,backward from TaiwanStockDividendResult before/after reference price,True
3033,2014-01-02,2025-03-31,2742,13,0.3845206620964732,0,312,backward from TaiwanStockDividendResult before/after reference price,True
3036,2014-01-02,2025-03-31,2742,15,0.39385918240262974,4,315,backward from TaiwanStockDividendResult before/after reference price,True
3048,2014-01-02,2025-03-31,2742,11,0.3745074930869536,1,314,backward from TaiwanStockDividendResult before/after reference price,True
3054,2014-01-02,2025-03-31,2735,5,1.0,5,783,backward from TaiwanStockDividendResult before/after reference price,True
3055,2014-01-02,2025-03-31,2734,13,0.7925105133563857,1,331,backward from TaiwanStockDividendResult before/after reference price,True
3130,2014-01-02,2025-03-31,2742,12,0.5105644554266457,93,750,backward from TaiwanStockDividendResult before/after reference price,True
3557,2014-01-02,2025-03-31,2717,12,0.6542324828686849,1,573,backward from TaiwanStockDividendResult before/after reference price,True
3708,2016-08-31,2025-03-31,2090,9,0.7286752002830326,0,63,backward from TaiwanStockDividendResult before/after reference price,True
4536,2014-01-02,2025-03-31,2742,12,0.5932800610869959,0,364,backward from TaiwanStockDividendResult before/after reference price,True
4994,2014-01-02,2025-03-31,2735,10,0.7760613761267064,0,387,backward from TaiwanStockDividendResult before/after reference price,True
5203,2014-01-02,2025-03-31,2742,13,0.6030923806036467,0,315,backward from TaiwanStockDividendResult before/after reference price,True
5292,2020-01-07,2025-03-31,1267,2,0.7827028458720767,139,997,backward from TaiwanStockDividendResult before/after reference price,True
5306,2014-01-02,2025-03-31,2742,16,0.8443230227854052,3,2053,backward from TaiwanStockDividendResult before/after reference price,True
6112,2014-01-02,2025-03-31,2742,12,0.37834078885366174,0,390,backward from TaiwanStockDividendResult before/after reference price,True
6165,2014-01-02,2025-03-31,2732,3,0.9788172037957011,5,636,backward from TaiwanStockDividendResult before/after reference price,True
6183,2014-01-02,2025-03-31,2742,12,0.6204988476367876,2,642,backward from TaiwanStockDividendResult before/after reference price,True
6505,2014-01-02,2025-03-31,2742,12,0.6838360784978667,0,311,backward from TaiwanStockDividendResult before/after reference price,True
6581,2016-09-10,2025-03-31,2082,8,0.6723437463645,21,471,backward from TaiwanStockDividendResult before/after reference price,True
6614,2024-09-03,2025-03-31,136,0,1.0,0,136,no ex-rights/dividend event in window,True
6641,2018-09-21,2025-03-31,1583,8,0.6573172483128168,16,505,backward from TaiwanStockDividendResult before/after reference price,True
6670,2017-11-30,2025-03-31,1782,7,0.6620517260131972,23,316,backward from TaiwanStockDividendResult before/after reference price,True
6671,2018-12-11,2025-03-31,1526,7,0.6471161606246819,17,448,backward from TaiwanStockDividendResult before/after reference price,True
6689,2018-07-17,2025-03-31,1630,3,0.9371240472739598,8,1071,backward from TaiwanStockDividendResult before/after reference price,True
6754,2019-10-16,2025-03-31,1326,5,0.7179035471506806,5,288,backward from TaiwanStockDividendResult before/after reference price,True
6768,2021-04-22,2025-03-31,958,5,0.7691871184802711,0,57,backward from TaiwanStockDividendResult before/after reference price,True
6790,2020-10-27,2025-03-31,1074,4,0.7775495978685274,0,282,backward from TaiwanStockDividendResult before/after reference price,True
6807,2022-04-25,2025-03-31,711,4,0.7718023402550384,5,181,backward from TaiwanStockDividendResult before/after reference price,True
6869,2022-01-19,2025-03-31,770,3,0.9261397628096143,0,329,backward from TaiwanStockDividendResult before/after reference price,True
6873,2021-12-28,2025-03-31,785,5,0.7826911216800747,0,344,backward from TaiwanStockDividendResult before/after reference price,True
6887,2025-03-10,2025-03-31,16,1,0.949746835443038,0,16,backward from TaiwanStockDividendResult before/after reference price,True
6890,2024-06-12,2025-03-31,193,2,0.9552919382504287,0,55,backward from TaiwanStockDividendResult before/after reference price,True
6902,2023-07-13,2025-03-31,415,0,1.0,52,233,no ex-rights/dividend event in window,True
6906,2022-12-15,2025-03-31,548,2,0.9546228799207981,0,316,backward from TaiwanStockDividendResult before/after reference price,True
6923,2023-03-30,2025-03-31,484,1,0.9555801104972376,0,420,backward from TaiwanStockDividendResult before/after reference price,True
6944,2023-04-27,2025-03-31,467,1,0.97119341563786,0,467,backward from TaiwanStockDividendResult before/after reference price,True
6965,2025-03-07,2025-03-31,17,1,0.9408866995073892,0,17,backward from TaiwanStockDividendResult before/after reference price,True
7721,2024-01-02,2025-03-31,297,0,1.0,0,297,no ex-rights/dividend event in window,True
7722,2024-01-26,2025-03-31,279,1,0.9975,0,260,backward from TaiwanStockDividendResult before/after reference price,True
7765,2024-08-20,2025-03-31,146,0,1.0,0,146,no ex-rights/dividend event in window,True
8454,2014-02-27,2025-03-31,2708,14,0.39008926571116276,0,279,backward from TaiwanStockDividendResult before/after reference price,True
8464,2015-01-06,2025-03-31,2493,10,0.7196626892552053,31,298,backward from TaiwanStockDividendResult before/after reference price,True
8482,2018-08-15,2025-03-31,1609,7,0.6386793673572554,58,261,backward from TaiwanStockDividendResult before/after reference price,True
8926,2014-01-02,2025-03-31,2742,13,0.49845768206517477,0,311,backward from TaiwanStockDividendResult before/after reference price,True
9908,2014-01-02,2025-03-31,2742,12,0.6334524034899198,0,436,backward from TaiwanStockDividendResult before/after reference price,True
9911,2014-01-02,2025-03-31,2732,13,0.601285402508891,0,312,backward from TaiwanStockDividendResult before/after reference price,True
9918,2014-01-02,2025-03-31,2742,12,0.6542725108513574,282,1305,backward from TaiwanStockDividendResult before/after reference price,True
9924,2014-01-02,2025-03-31,2742,13,0.5788757183328901,0,316,backward from TaiwanStockDividendResult before/after reference price,True
9926,2014-01-02,2025-03-31,2740,12,0.5801171682569243,242,1245,backward from TaiwanStockDividendResult before/after reference price,True
9931,2014-01-02,2025-03-31,2737,15,0.5420333511796476,399,1450,backward from TaiwanStockDividendResult before/after reference price,True
9934,2014-01-02,2025-03-31,2742,11,0.5439894846533394,0,311,backward from TaiwanStockDividendResult before/after reference price,True
9937,2014-01-02,2025-03-31,2742,12,0.6144918347579471,36,549,backward from TaiwanStockDividendResult before/after reference price,True
