month,n_old,n_new,n_both,n_old_only,n_new_only,old_coverage_of_new,new_coverage_of_old
2020-01,1425,1177,1177,248,0,1.0,0.826
2020-02,2156,1712,1712,444,0,1.0,0.7941
2020-03,7010,5719,5719,1291,0,1.0,0.8158
2020-04,3241,2665,2665,576,0,1.0,0.8223
2020-05,2861,2382,2382,479,0,1.0,0.8326
2020-06,2875,2473,2473,402,0,1.0,0.8602
2020-07,3802,3033,3033,769,0,1.0,0.7977
2020-08,2844,2345,2345,499,0,1.0,0.8245
2020-09,2500,2097,2097,403,0,1.0,0.8388
2020-10,1875,1557,1557,318,0,1.0,0.8304
2020-11,2136,1818,1818,318,0,1.0,0.8511
2020-12,2496,2073,2073,423,0,1.0,0.8305
2021-01,4381,3636,3636,745,0,1.0,0.8299
2021-02,2689,2278,2278,411,0,1.0,0.8472
2021-03,3564,3166,3166,398,0,1.0,0.8883
2021-04,4177,3704,3704,473,0,1.0,0.8868
2021-05,6638,5714,5714,924,0,1.0,0.8608
2021-06,4930,4371,4371,559,0,1.0,0.8866
2021-07,6802,5834,5834,968,0,1.0,0.8577
2021-08,4355,3698,3698,657,0,1.0,0.8491
2021-09,2839,2441,2441,398,0,1.0,0.8598
2021-10,2962,2406,2406,556,0,1.0,0.8123
2021-11,2807,2328,2328,479,0,1.0,0.8294
2021-12,2767,2469,2469,298,0,1.0,0.8923
2022-01,2867,2513,2513,354,0,1.0,0.8765
2022-02,2226,1930,1930,296,0,1.0,0.867
2022-03,3270,2746,2746,524,0,1.0,0.8398
2022-04,2593,2112,2112,481,0,1.0,0.8145
2022-05,2507,2110,2110,397,0,1.0,0.8416
2022-06,2724,2315,2315,409,0,1.0,0.8499
2022-07,3051,2572,2572,479,0,1.0,0.843
2022-08,2293,2017,2017,276,0,1.0,0.8796
2022-09,2459,2135,2135,324,0,1.0,0.8682
2022-10,2591,2198,2198,393,0,1.0,0.8483
2022-11,1757,1593,1593,164,0,1.0,0.9067
2022-12,1643,1463,1463,180,0,1.0,0.8904
2023-01,1194,1051,1051,143,0,1.0,0.8802
2023-02,1643,1463,1463,180,0,1.0,0.8904
2023-03,2441,2166,2166,275,0,1.0,0.8873
2023-04,1645,1450,1450,195,0,1.0,0.8815
2023-05,2077,1844,1844,233,0,1.0,0.8878
2023-06,1875,1685,1685,190,0,1.0,0.8987
2023-07,2144,1871,1871,273,0,1.0,0.8727
2023-08,2380,2145,2145,235,0,1.0,0.9013
2023-09,1777,1576,1576,201,0,1.0,0.8869
2023-10,1603,1462,1462,141,0,1.0,0.912
2023-11,1648,1508,1508,140,0,1.0,0.915
2023-12,1822,1602,1602,220,0,1.0,0.8793
2024-01,1732,1542,1542,190,0,1.0,0.8903
2024-02,1672,1457,1457,215,0,1.0,0.8714
2024-03,3092,2616,2616,476,0,1.0,0.8461
2024-04,2526,2244,2244,282,0,1.0,0.8884
2024-05,2746,2486,2486,260,0,1.0,0.9053
2024-06,2913,2565,2565,348,0,1.0,0.8805
2024-07,3019,2567,2567,452,0,1.0,0.8503
2024-08,3664,3112,3112,552,0,1.0,0.8493
2024-09,2578,2285,2285,293,0,1.0,0.8863
2024-10,2398,2144,2144,254,0,1.0,0.8941
2024-11,2199,1974,1974,225,0,1.0,0.8977
2024-12,2241,2022,2022,219,0,1.0,0.9023
