source,kind,key,n,pct
pttcc,total,ticker_article_rows_all,131072,1.0
pttcc,total,ticker_article_rows_main_sample,122562,0.9351
pttcc,total,n_articles_matched,44209,0.3607
pttcc,total,n_tickers,266,0.0022
pttcc,total,n_distinct_authors,6101,0.0498
pttcc,match_mode,code,84560,0.6899
pttcc,match_mode,name,20775,0.1695
pttcc,match_mode,name_with_context,17227,0.1406
pttcc,effort_tier,low_effort,100619,0.821
pttcc,effort_tier,mid_effort,13160,0.1074
pttcc,effort_tier,high_effort,4588,0.0374
pttcc,effort_tier,unclassified,4195,0.0342
pttcc,bulk,rows_flagged,66719,0.5444
pttcc,bulk,articles_flagged,5436,0.123
pttweb,total,ticker_article_rows_all,171073,1.0
pttweb,total,ticker_article_rows_main_sample,112568,0.658
pttweb,total,n_articles_matched,45421,0.4035
pttweb,total,n_tickers,266,0.0024
pttweb,total,n_distinct_authors,0,0.0
pttweb,match_mode,code,76379,0.6785
pttweb,match_mode,name,19887,0.1767
pttweb,match_mode,name_with_context,16302,0.1448
pttweb,effort_tier,low_effort,90158,0.8009
pttweb,effort_tier,mid_effort,13960,0.124
pttweb,effort_tier,high_effort,4895,0.0435
pttweb,effort_tier,unclassified,3555,0.0316
pttweb,bulk,rows_flagged,56721,0.5039
pttweb,bulk,articles_flagged,4427,0.0975
