month,n_comments,n_missing_time,n_missing_user,n_cross_year,n_before_article,n_usable
2019-01,44146,0,0,0,199,44146
2019-02,32334,0,0,0,190,32334
2019-03,109564,16,0,68,670,109548
2019-04,112970,7,0,69,549,112963
2019-05,185476,11,0,121,1296,185465
2019-06,104603,19,0,181,829,104584
2019-07,103502,13,0,120,407,103489
2019-08,136063,4,0,38,465,136059
2019-09,102123,20,0,58,395,102103
2019-10,98593,3,0,496,867,98590
2019-11,99198,24,0,380,379,99174
2019-12,111948,6,0,1078,437,111942
2020-01,107356,6,0,0,713,107350
2020-02,143464,13,0,7,1169,143451
2020-03,377410,49,0,126,3345,377361
2020-04,226854,19,0,63,1917,226835
2020-05,211314,7,0,155,919,211307
2020-06,212884,23,0,599,971,212861
2020-07,270626,102,0,120,1156,270524
2020-08,213606,35,0,205,1034,213571
2020-09,193777,17,0,218,1059,193760
2020-10,159494,10,0,271,1057,159484
2020-11,178123,6,0,501,1073,178117
2020-12,219096,37,0,1849,853,219059
2021-01,334503,29,0,0,2360,334474
2021-02,208721,13,0,61,875,208708
2021-03,287523,31,0,254,1514,287492
2021-04,336810,31,1,264,1857,336779
2021-05,501061,70,0,244,4691,500991
2021-06,400719,27,0,64,3434,400692
2021-07,514335,82,0,256,4823,514253
2021-08,337923,32,0,129,2693,337891
2021-09,236766,28,0,210,1164,236738
2021-10,230051,4,0,241,1024,230047
2021-11,228821,8,0,1002,1137,228813
2021-12,254384,19,0,3470,1333,254365
2022-01,238473,21,0,0,1559,238452
2022-02,194374,17,0,10,1072,194357
2022-03,283388,34,0,24,2303,283354
2022-04,229677,35,0,59,2278,229642
2022-05,246983,18,0,51,1609,246965
2022-06,252398,17,0,47,1538,252381
2022-07,289429,32,0,69,2332,289397
2022-08,226634,2,0,85,1034,226632
2022-09,253926,13,0,146,1316,253913
2022-10,269012,16,0,253,1312,268996
2022-11,194735,21,0,86,921,194714
2022-12,182678,15,0,1364,756,182663
2023-01,129552,15,0,0,457,129537
2023-02,152248,10,0,12,618,152238
2023-03,221249,19,0,140,1342,221230
2023-04,165055,9,0,318,948,165046
2023-05,192398,6,0,78,1014,192392
2023-06,179530,15,0,143,1132,179515
2023-07,199649,9,0,249,1362,199640
2023-08,235136,19,0,105,1969,235117
2023-09,182606,38,0,168,822,182568
2023-10,167511,12,0,156,881,167499
2023-11,164512,9,0,217,820,164503
2023-12,175460,22,0,1501,886,175438
2024-01,185793,18,0,0,1230,185775
2024-02,164088,11,0,120,778,164077
2024-03,290506,27,0,150,1865,290479
2024-04,257384,13,0,230,1970,257371
2024-05,258405,18,0,138,1361,258387
2024-06,271025,47,0,61,1139,270978
2024-07,287067,52,0,285,1811,287015
2024-08,348709,44,0,240,2170,348665
2024-09,247284,30,0,562,1651,247254
2024-10,240439,65,0,327,1203,240374
2024-11,206578,21,0,624,941,206557
2024-12,225399,11,0,1769,1171,225388
