article_id,ticker,match_mode,timestamp,category,is_reply,effort_tier,author_id,n_tickers_in_article,is_bulk_listing,n_comments,n_push,n_boo,n_arrow,source,sparsity_tier,collision_group,stratum
M.1659370304.A.E01,2330,code,2022-08-02 00:11:44,標的,False,high_effort,pttgirl77,1,False,82,25,33,24,pttcc,dense,,tier:dense
M.1610348498.A.345,2603,code,2021-01-11 15:01:38,標的,False,high_effort,gerychen,1,False,146,67,35,44,pttcc,dense,長榮系,tier:dense
M.1627360778.A.BF0,2609,name_with_context,2021-07-27 12:39:38,新聞,False,low_effort,Reewalker,5,False,34,16,1,17,pttcc,dense,,tier:dense
M.1628660215.A.27B,2317,name_with_context,2021-08-11 13:36:55,標的,True,mid_effort,gn02827186,1,False,10,4,0,6,pttcc,dense,,tier:dense
M.1628059647.A.A3A,2409,name_with_context,2021-08-04 14:47:27,心得,True,mid_effort,CGDGAD,1,False,20,7,2,11,pttcc,dense,,tier:dense
M.1721186748.A.134,2330,name,2024-07-17 11:25:48,新聞,True,low_effort,oiyuz,1,False,278,89,27,162,pttcc,dense,,tier:dense
M.1605746257.A.265,2330,name,2020-11-19 08:37:37,新聞,False,low_effort,gothmog,2,False,42,22,3,17,pttcc,dense,,tier:dense
M.1686227184.A.03D,2603,code,2023-06-08 20:26:24,情報,False,low_effort,steveisaman,3,False,0,0,0,0,pttcc,dense,長榮系,tier:dense
M.1647433254.A.4B3,2603,code,2022-03-16 20:20:54,新聞,False,low_effort,wirewool,1,False,85,52,4,29,pttcc,dense,長榮系,tier:dense
M.1615208535.A.39B,2610,code,2021-03-08 21:02:15,其他,False,unclassified,steward135,4,False,103,73,5,25,pttcc,dense,,tier:dense
M.1597809357.A.B7F,2330,name,2020-08-19 11:55:57,新聞,False,low_effort,Vicky,3,False,101,59,9,33,pttcc,dense,,tier:dense
M.1625646863.A.4E2,2609,code,2021-07-07 16:34:23,新聞,False,low_effort,village0817,2,False,19,8,3,8,pttcc,dense,,tier:dense
M.1641984283.A.2DB,2330,name,2022-01-12 18:44:43,情報,False,low_effort,addy7533967,10,False,53,45,0,8,pttcc,dense,,tier:dense
M.1650323430.A.DEE,2303,name_with_context,2022-04-19 07:10:30,新聞,False,low_effort,TyuzuChou,2,False,200,115,8,77,pttcc,dense,,tier:dense
M.1637314707.A.529,2330,name,2021-11-19 17:38:27,其他,False,unclassified,Elleson08,1,False,75,42,4,29,pttcc,dense,,tier:dense
M.1661340767.A.724,2330,name,2022-08-24 19:32:47,新聞,False,low_effort,yhvhyod,1,False,94,61,6,27,pttcc,dense,,tier:dense
M.1649758945.A.F49,1101,name_with_context,2022-04-12 18:22:25,新聞,False,low_effort,lolic,1,False,87,50,14,23,pttcc,dense,,tier:dense
M.1688685313.A.B9D,2330,name,2023-07-07 07:15:13,新聞,False,low_effort,dalyadam,1,False,133,66,4,63,pttcc,dense,,tier:dense
M.1592502299.A.65B,2317,name_with_context,2020-06-19 01:44:59,請益,True,mid_effort,MacBookAir12,1,False,32,13,11,8,pttcc,dense,,tier:dense
M.1652188572.A.599,2303,code,2022-05-10 21:16:12,情報,False,low_effort,steward135,6,False,59,40,0,19,pttcc,dense,,tier:dense
M.1620630227.A.C12,2317,name_with_context,2021-05-10 15:03:47,請益,True,mid_effort,CleanSpurs,6,False,23,7,8,8,pttcc,dense,,tier:dense
M.1584945814.A.BB4,2610,code,2020-03-23 14:43:34,請益,True,mid_effort,nonpolar,1,False,32,12,3,17,pttcc,dense,,tier:dense
M.1688394433.A.D3E,2308,name,2023-07-03 22:27:13,新聞,False,low_effort,ej03xu3,1,False,57,24,5,28,pttcc,dense,,tier:dense
M.1627563703.A.2BB,2609,code,2021-07-29 21:01:43,情報,False,low_effort,steward135,9,False,161,119,5,37,pttcc,dense,,tier:dense
M.1634705431.A.BA1,2317,name_with_context,2021-10-20 12:50:31,新聞,False,low_effort,Reewalker,1,False,152,62,25,65,pttcc,dense,,tier:dense
M.1677240361.A.209,2409,code,2023-02-24 20:06:01,情報,False,low_effort,steveisaman,6,False,1,0,0,1,pttcc,dense,,tier:dense
M.1623245022.A.B44,2409,code,2021-06-09 21:23:42,標的,True,mid_effort,luckystrike5,1,False,4,1,1,2,pttcc,dense,,tier:dense
M.1587185518.A.67C,2330,code,2020-04-18 12:51:58,其他,True,unclassified,m4vu0,1,False,30,16,0,14,pttcc,dense,,tier:dense
M.1610509726.A.529,2330,code,2021-01-13 11:48:46,新聞,False,low_effort,x6073123,1,False,105,80,4,21,pttcc,dense,,tier:dense
M.1619510726.A.6FC,2409,name_with_context,2021-04-27 16:05:26,標的,False,high_effort,centaurjr,2,False,48,31,2,15,pttcc,dense,,tier:dense
M.1635859932.A.BA4,2330,code,2021-11-02 21:32:12,情報,False,low_effort,steward135,5,False,69,53,0,16,pttcc,dense,,tier:dense
M.1622624914.A.2B9,2609,name_with_context,2021-06-02 17:08:34,新聞,False,low_effort,bmw606042001,1,False,26,16,0,10,pttcc,dense,,tier:dense
M.1719236595.A.5DB,2409,code,2024-06-24 21:43:15,情報,False,low_effort,steward135,3,False,40,25,3,12,pttcc,dense,,tier:dense
M.1723883813.A.CAB,2330,name,2024-08-17 16:36:53,心得,False,mid_effort,ufotime,1,False,208,90,20,98,pttcc,dense,,tier:dense
M.1662962402.A.884,2303,name_with_context,2022-09-12 14:00:02,閒聊,False,low_effort,vendan5566,3,False,1496,799,132,565,pttcc,dense,,tier:dense
M.1734588002.A.FEF,2330,name,2024-12-19 14:00:02,閒聊,False,low_effort,laptic,6,False,1490,795,99,596,pttcc,dense,,tier:dense
M.1725378170.A.220,2330,name,2024-09-03 23:42:50,請益,False,mid_effort,nanako81240,1,False,54,31,2,21,pttcc,dense,,tier:dense
M.1718852337.A.574,2330,name,2024-06-20 10:58:57,標的,True,mid_effort,jason0606,1,False,47,42,0,5,pttcc,dense,,tier:dense
M.1626391861.A.509,2330,name,2021-07-16 07:31:01,新聞,False,low_effort,lolic,2,False,113,70,15,28,pttcc,dense,,tier:dense
M.1658755818.A.4F8,2330,code,2022-07-25 21:30:18,情報,False,low_effort,steward135,9,False,64,45,4,15,pttcc,dense,,tier:dense
M.1578555998.A.E01,2327,code,2020-01-09 15:46:38,新聞,False,low_effort,jasonfghx,1,False,57,33,10,14,pttcc,dense,,tier:dense
M.1649423765.A.33C,2609,code,2022-04-08 21:16:05,新聞,False,low_effort,linx210145,1,False,106,66,7,33,pttcc,dense,,tier:dense
M.1585287004.A.2A1,1301,name_with_context,2020-03-27 13:30:04,新聞,False,low_effort,CUTYB,5,False,14,5,0,9,pttcc,dense,台塑系,tier:dense
M.1595762912.A.153,2317,code,2020-07-26 19:28:32,新聞,False,low_effort,ahq176447,2,False,20,8,2,10,pttcc,dense,,tier:dense
M.1665469070.A.913,2303,name_with_context,2022-10-11 14:17:50,新聞,False,low_effort,larry8550,2,False,153,62,28,63,pttcc,dense,,tier:dense
M.1734918162.A.CEC,2609,code,2024-12-23 09:42:42,標的,False,high_effort,ann16,2,False,147,23,81,43,pttcc,dense,,tier:dense
M.1620292696.A.E35,2609,name_with_context,2021-05-06 17:18:16,請益,False,mid_effort,ccu1002,1,False,449,243,66,140,pttcc,dense,,tier:dense
M.1690002535.A.D48,2317,name_with_context,2023-07-22 13:08:55,新聞,False,low_effort,ej03xu3,2,False,110,40,13,57,pttcc,dense,,tier:dense
M.1608021714.A.434,2330,name,2020-12-15 16:41:54,新聞,False,low_effort,okbom,1,False,38,16,4,18,pttcc,dense,,tier:dense
M.1682085319.A.3F3,2330,name,2023-04-21 21:55:19,情報,False,low_effort,offeree,2,False,41,22,4,15,pttcc,dense,,tier:dense
M.1722684559.A.8DD,1711,code,2024-08-03 19:29:19,標的,False,high_effort,rance305,2,False,23,14,1,8,pttcc,sparse,,tier:sparse
M.1626786327.A.F09,1802,code,2021-07-20 21:05:27,情報,False,low_effort,steward135,11,False,119,83,6,30,pttcc,sparse,,tier:sparse
M.1644836516.A.95B,2337,code,2022-02-14 19:01:56,情報,False,low_effort,rutsuki,2,False,3,2,0,1,pttcc,sparse,,tier:sparse
M.1691727361.A.FD6,2329,code,2023-08-11 12:16:01,新聞,False,low_effort,informatics,3,False,9,4,0,5,pttcc,sparse,,tier:sparse
M.1723206518.A.85D,1513,name,2024-08-09 20:28:38,情報,False,low_effort,q1a1,10,False,27,20,0,7,pttcc,sparse,,tier:sparse
M.1627947484.A.8C5,2007,name_with_context,2021-08-03 07:38:04,新聞,False,low_effort,lolic,3,False,43,30,4,9,pttcc,sparse,,tier:sparse
M.1590074512.A.441,1760,name,2020-05-21 23:21:52,新聞,True,low_effort,cmelo1515,1,False,5,1,0,4,pttcc,sparse,,tier:sparse
M.1586250374.A.6D1,1710,code,2020-04-07 17:06:14,新聞,False,low_effort,wujason,3,False,5,4,0,1,pttcc,sparse,,tier:sparse
M.1651381362.A.25C,2337,code,2022-05-01 13:02:42,標的,True,mid_effort,macbook12,1,False,71,28,7,36,pttcc,sparse,,tier:sparse
M.1634650782.A.130,1708,code,2021-10-19 21:39:42,情報,False,low_effort,steward135,12,False,72,43,4,25,pttcc,sparse,,tier:sparse
M.1668505373.A.B74,6869,name,2022-11-15 17:42:53,新聞,False,low_effort,zkowntu,1,False,28,18,2,8,pttcc,sparse,,tier:sparse
M.1636468129.A.671,1711,code,2021-11-09 22:28:49,情報,False,low_effort,luz940401,7,False,7,5,0,2,pttcc,sparse,,tier:sparse
M.1626386722.A.ADC,2601,name_with_context,2021-07-16 06:05:22,請益,True,mid_effort,david0605,1,False,196,89,7,100,pttcc,sparse,,tier:sparse
M.1696500959.A.BAD,2849,code,2023-10-05 18:15:59,情報,False,low_effort,q1a1,12,False,32,26,1,5,pttcc,sparse,,tier:sparse
M.1670911201.A.EB7,1760,name,2022-12-13 14:00:01,閒聊,False,low_effort,vendan5566,3,False,1496,859,95,542,pttcc,sparse,,tier:sparse
M.1694081692.A.81E,2816,name,2023-09-07 18:14:52,情報,False,low_effort,q1a1,12,False,12,8,0,4,pttcc,sparse,,tier:sparse
M.1662646330.A.53C,5306,name_with_context,2022-09-08 22:12:10,心得,False,mid_effort,z24518261,7,False,152,101,7,44,pttcc,sparse,,tier:sparse
M.1730786404.A.215,2354,name_with_context,2024-11-05 14:00:04,閒聊,False,low_effort,laptic,5,False,1488,747,85,656,pttcc,sparse,,tier:sparse
M.1620635278.A.57D,1526,code,2021-05-10 16:27:58,情報,False,low_effort,iamthebest08,12,False,202,146,10,46,pttcc,sparse,,tier:sparse
M.1631886421.A.EFD,1711,code,2021-09-17 21:47:01,情報,False,low_effort,steward135,9,False,55,45,2,8,pttcc,sparse,,tier:sparse
M.1716172298.A.8BC,2009,name,2024-05-20 10:31:38,新聞,False,low_effort,jimmmy722,1,False,28,18,0,10,pttcc,sparse,,tier:sparse
M.1684843435.A.B0E,2313,name_with_context,2023-05-23 20:03:55,新聞,False,low_effort,humbler,5,False,25,15,0,10,pttcc,sparse,,tier:sparse
M.1732543362.A.1C0,2312,code,2024-11-25 22:02:42,情報,False,low_effort,steveisaman,1,False,0,0,0,0,pttcc,sparse,,tier:sparse
M.1668513987.A.818,1605,code,2022-11-15 20:06:27,情報,False,low_effort,steveisaman,4,False,0,0,0,0,pttcc,sparse,華新系,tier:sparse
M.1584966418.A.EF6,2337,code,2020-03-23 20:26:58,其他,False,unclassified,jason613811,2,False,5,3,0,2,pttcc,sparse,,tier:sparse
M.1588157112.A.9C9,2316,name,2020-04-29 18:45:12,請益,True,mid_effort,koko147,4,False,20,11,0,9,pttcc,sparse,,tier:sparse
M.1618043231.A.5F0,2014,code,2021-04-10 16:27:11,請益,True,mid_effort,Workforme,1,False,12,8,1,3,pttcc,sparse,中鋼系,tier:sparse
M.1614056769.A.14F,2340,code,2021-02-23 13:06:09,標的,False,high_effort,YingLinga,2,False,440,365,15,60,pttcc,sparse,台亞台聚,tier:sparse
M.1630057505.A.2E1,2013,name,2021-08-27 17:45:05,情報,False,low_effort,village0817,2,False,70,49,2,19,pttcc,sparse,中鋼系,tier:sparse
M.1661395302.A.61A,2915,code,2022-08-25 10:41:42,請益,False,mid_effort,brucesam,1,False,63,33,1,29,pttcc,sparse,,tier:sparse
M.1660225377.A.9B7,1524,code,2022-08-11 21:42:57,情報,False,low_effort,steward135,8,False,69,55,2,12,pttcc,sparse,,tier:sparse
M.1672400532.A.F81,2812,name,2022-12-30 19:42:12,情報,False,low_effort,addy7533967,2,False,6,6,0,0,pttcc,sparse,,tier:sparse
M.1582103341.A.42B,2480,code,2020-02-19 17:09:01,新聞,False,low_effort,jasonfghx,2,False,7,6,0,1,pttcc,sparse,,tier:sparse
M.1627394471.A.303,2328,code,2021-07-27 22:01:11,情報,False,low_effort,steward135,11,False,248,139,6,103,pttcc,sparse,,tier:sparse
M.1716545778.A.002,2312,name_with_context,2024-05-24 18:16:18,情報,False,low_effort,q1a1,10,False,16,10,1,5,pttcc,sparse,,tier:sparse
M.1659613252.A.457,2347,code,2022-08-04 19:40:52,情報,False,low_effort,steveisaman,4,False,5,3,0,2,pttcc,sparse,,tier:sparse
M.1730306964.A.C0D,2354,name_with_context,2024-10-31 00:49:24,情報,False,low_effort,q1a1,8,False,7,4,1,2,pttcc,sparse,,tier:sparse
M.1630404922.A.D05,1309,name,2021-08-31 18:15:22,情報,False,low_effort,village0817,8,False,68,45,1,22,pttcc,sparse,,tier:sparse
M.1639119978.A.F66,1904,code,2021-12-10 15:06:18,情報,False,low_effort,laechan,1,False,10,3,0,7,pttcc,sparse,,tier:sparse
M.1608567276.A.C4A,2006,name,2020-12-22 00:14:36,標的,True,mid_effort,padbear,1,False,19,13,0,6,pttcc,sparse,東和系,tier:sparse
M.1709614304.A.AED,1218,name_with_context,2024-03-05 12:51:44,新聞,False,low_effort,DDDDRR,1,False,127,52,16,59,pttcc,sparse,,tier:sparse
M.1659357470.A.C36,2359,code,2022-08-01 20:37:50,標的,False,high_effort,GrexJosh,1,False,28,14,3,11,pttcc,sparse,,tier:sparse
M.1612781054.A.412,1218,name_with_context,2021-02-08 18:44:14,心得,True,mid_effort,Ghate,1,False,110,54,13,43,pttcc,sparse,,tier:sparse
M.1644080475.A.BC3,1810,name_with_context,2022-02-06 01:01:15,新聞,False,low_effort,Severine,1,False,95,24,6,65,pttcc,sparse,,tier:sparse
M.1607943605.A.F84,2337,code,2020-12-14 19:00:05,新聞,False,low_effort,laptic,4,False,32,11,9,12,pttcc,sparse,,tier:sparse
M.1623403357.A.8F5,2606,code,2021-06-11 17:22:37,新聞,True,low_effort,t9300092,2,False,74,36,4,34,pttcc,sparse,,tier:sparse
M.1627274356.A.6AA,2606,name_with_context,2021-07-26 12:39:16,新聞,True,low_effort,lynos,2,False,60,22,14,24,pttcc,sparse,,tier:sparse
M.1609420482.A.1A0,2337,code,2020-12-31 21:14:42,新聞,False,low_effort,demon1127,1,False,6,2,0,4,pttcc,sparse,,tier:sparse
M.1715095718.A.EBF,1582,code,2024-05-07 23:28:38,情報,False,low_effort,steveisaman,5,False,2,1,0,1,pttcc,sparse,,tier:sparse
M.1723179094.A.622,1609,code,2024-08-09 12:51:34,新聞,False,low_effort,Kai877,5,False,29,14,5,10,pttcc,sparse,,tier:sparse
M.1735020002.A.096,2466,name,2024-12-24 14:00:02,閒聊,False,low_effort,laptic,5,False,1489,789,116,584,pttcc,silent,,tier:silent
M.1700822377.A.F0F,2910,code,2023-11-24 18:39:37,情報,False,low_effort,q1a1,8,False,8,7,1,0,pttcc,silent,,tier:silent
M.1708484226.A.EB8,6614,name,2024-02-21 10:57:06,新聞,False,low_effort,obrag,2,False,40,17,1,22,pttcc,silent,,tier:silent
M.1712744286.A.6FA,2762,code,2024-04-10 18:18:06,情報,False,low_effort,q1a1,8,False,14,9,1,4,pttcc,silent,,tier:silent
M.1624170608.A.1FE,9911,code,2021-06-20 14:30:08,新聞,False,low_effort,Reewalker,7,False,22,13,1,8,pttcc,silent,,tier:silent
M.1657172788.A.2DB,2433,name,2022-07-07 13:46:28,標的,True,mid_effort,tacovirus,2,False,6,2,1,3,pttcc,silent,,tier:silent
M.1642314501.A.D1A,6581,name_with_context,2022-01-16 14:28:21,新聞,False,low_effort,DrowningPool,3,False,71,40,5,26,pttcc,silent,,tier:silent
M.1658752364.A.F12,1339,code,2022-07-25 20:32:44,新聞,False,low_effort,Coffeewater,1,False,202,81,50,71,pttcc,silent,,tier:silent
M.1650536934.A.EE8,1339,code,2022-04-21 18:28:54,情報,False,low_effort,addy7533967,8,False,41,32,1,8,pttcc,silent,,tier:silent
M.1636961824.A.BE7,2712,code,2021-11-15 15:37:04,情報,False,low_effort,centaurjr,1,False,48,39,2,7,pttcc,silent,,tier:silent
M.1613571920.A.289,8482,name_with_context,2021-02-17 22:25:20,新聞,False,low_effort,GETpoint,1,False,31,17,2,12,pttcc,silent,,tier:silent
M.1620360756.A.C17,9911,code,2021-05-07 12:12:36,新聞,False,low_effort,hvariables,1,False,15,8,2,5,pttcc,silent,,tier:silent
M.1717469704.A.B85,6906,name,2024-06-04 10:55:04,新聞,False,low_effort,peter080808,1,False,56,26,3,27,pttcc,silent,,tier:silent
M.1712917739.A.9E8,1418,code,2024-04-12 18:28:59,情報,False,low_effort,q1a1,9,False,36,30,1,5,pttcc,silent,,tier:silent
M.1720685219.A.BA3,2762,code,2024-07-11 16:06:59,情報,False,low_effort,qazsedcft,1,False,23,14,1,8,pttcc,silent,,tier:silent
M.1648811959.A.A0A,2107,code,2022-04-01 19:19:19,情報,False,low_effort,addy7533967,9,False,60,41,2,17,pttcc,silent,,tier:silent
M.1679393517.A.6D1,1410,code,2023-03-21 18:11:57,情報,False,low_effort,q1a1,4,False,2,2,0,0,pttcc,silent,,tier:silent
M.1704877388.A.25F,2762,code,2024-01-10 17:03:08,情報,False,low_effort,ej03xu3,1,False,7,6,0,1,pttcc,silent,,tier:silent
M.1630063115.A.440,3054,code,2021-08-27 19:18:35,情報,False,low_effort,luz940401,5,False,19,12,1,6,pttcc,silent,,tier:silent
M.1654840802.A.E99,6807,name_with_context,2022-06-10 14:00:02,閒聊,False,low_effort,laptic,4,False,1489,787,105,597,pttcc,silent,,tier:silent
M.1612835061.A.0E0,1339,code,2021-02-09 09:44:21,新聞,False,low_effort,koushimei,2,False,76,40,1,35,pttcc,silent,,tier:silent
M.1728453605.A.58F,6807,name_with_context,2024-10-09 14:00:05,閒聊,False,low_effort,laptic,2,False,1489,757,91,641,pttcc,silent,,tier:silent
M.1620804376.A.B35,1733,code,2021-05-12 15:26:16,情報,False,low_effort,centaurjr,2,False,87,73,0,14,pttcc,silent,,tier:silent
M.1623938531.A.490,6183,code,2021-06-17 22:02:11,情報,False,low_effort,curry1215,1,False,319,224,25,70,pttcc,silent,,tier:silent
M.1697019365.A.630,1339,code,2023-10-11 18:16:05,情報,False,low_effort,q1a1,7,False,33,27,1,5,pttcc,silent,,tier:silent
M.1728290400.A.102,5292,code,2024-10-07 16:40:00,情報,False,low_effort,JukeFF,1,False,12,6,1,5,pttcc,silent,,tier:silent
M.1721619459.A.770,1410,code,2024-07-22 11:37:39,新聞,False,low_effort,a10141013,3,False,186,94,19,73,pttcc,silent,,tier:silent
M.1718101153.A.554,2466,code,2024-06-11 18:19:13,情報,False,low_effort,BlueBird5566,1,False,34,24,2,8,pttcc,silent,,tier:silent
M.1657039622.A.4FA,2433,name,2022-07-06 00:47:02,標的,False,high_effort,tacovirus,2,False,40,18,9,13,pttcc,silent,,tier:silent
M.1713085495.A.E66,9918,name,2024-04-14 17:04:55,新聞,False,low_effort,addy7533967,2,False,41,18,0,23,pttcc,silent,,tier:silent
M.1654683571.A.5EE,2109,code,2022-06-08 18:19:31,情報,False,low_effort,addy7533967,6,False,27,16,4,7,pttcc,silent,,tier:silent
M.1657059407.A.F8C,2373,code,2022-07-06 06:16:47,新聞,False,low_effort,STAV72,8,False,60,26,6,28,pttcc,silent,,tier:silent
M.1700992946.A.4B2,6944,code,2023-11-26 18:02:26,請益,True,mid_effort,airawesu,2,False,70,27,7,36,pttcc,silent,,tier:silent
M.1583390950.A.295,2433,code,2020-03-05 14:49:10,標的,False,high_effort,calisthenics,1,False,41,32,1,8,pttcc,silent,,tier:silent
M.1609409962.A.93D,9931,name_with_context,2020-12-31 18:19:22,新聞,False,low_effort,pipiboygay,2,False,49,32,5,12,pttcc,silent,,tier:silent
M.1732165567.A.083,7722,code,2024-11-21 13:06:07,情報,False,low_effort,ej03xu3,1,False,49,35,1,13,pttcc,silent,,tier:silent
M.1620289577.A.B3A,2706,code,2021-05-06 16:26:17,其他,False,unclassified,iamthebest08,13,False,200,129,15,56,pttcc,silent,,tier:silent
M.1630044006.A.58D,3054,name,2021-08-27 14:00:06,閒聊,False,low_effort,laptic,5,False,1491,722,86,683,pttcc,silent,,tier:silent
M.1708338601.A.50C,8482,code,2024-02-19 18:30:01,情報,False,low_effort,q1a1,6,False,17,12,3,2,pttcc,silent,,tier:silent
M.1645526797.A.843,2706,code,2022-02-22 18:46:37,情報,False,low_effort,addy7533967,6,False,77,56,5,16,pttcc,silent,,tier:silent
M.1672710531.A.D6B,1339,code,2023-01-03 09:48:51,新聞,False,low_effort,brian791025,4,False,17,9,0,8,pttcc,silent,,tier:silent
M.1697192497.A.FDA,1339,code,2023-10-13 18:21:37,情報,False,low_effort,q1a1,7,False,22,16,1,5,pttcc,silent,,tier:silent
M.1700619253.A.DD6,6754,code,2023-11-22 10:14:13,新聞,False,low_effort,fuqi,1,False,5,5,0,0,pttcc,silent,,tier:silent
M.1731051649.A.8D9,9924,code,2024-11-08 15:40:49,情報,False,low_effort,buffon,1,False,4,3,0,1,pttcc,silent,,tier:silent
M.1710315443.A.97F,5292,code,2024-03-13 15:37:23,情報,False,low_effort,MAHAHA,1,False,5,3,0,2,pttcc,silent,,tier:silent
M.1724758393.A.5A3,6965,name_with_context,2024-08-27 19:33:13,新聞,False,low_effort,STAV72,1,False,49,24,4,21,pttcc,silent,,tier:silent
M.1719757768.A.60B,6944,name,2024-06-30 22:29:28,情報,False,low_effort,qazsedcft,1,False,6,4,1,1,pttcc,silent,,tier:silent
M.1596089115.A.6A2,2107,name_with_context,2020-07-30 14:05:15,新聞,False,low_effort,cslin,2,False,6,3,1,2,pttcc,silent,,tier:silent
M.1615188952.A.A96,1614,code,2021-03-08 15:35:52,公告,False,low_effort,[彩券],2,False,15,10,2,3,pttcc,silent,,tier:silent
M.1580916346.A.E81,6944,code,2020-02-05 23:25:46,標的,False,high_effort,pttgirl77,1,False,134,35,19,80,pttcc,silent,,tier:silent
M.1721315824.A.CBC,1216,code,2024-07-18 23:17:04,情報,False,low_effort,steveisaman,4,False,4,1,0,3,pttcc,sparse,統一系,collision:1216
M.1599051875.A.36D,1216,code,2020-09-02 21:04:35,新聞,False,low_effort,boards,7,False,71,48,5,18,pttcc,sparse,統一系,collision:1216
M.1605238731.A.1BC,1216,code,2020-11-13 11:38:51,標的,True,mid_effort,behati,1,False,30,21,0,9,pttcc,sparse,統一系,collision:1216
M.1715937728.A.1F5,1216,code,2024-05-17 17:22:08,新聞,False,low_effort,zsa123,4,False,163,99,11,53,pttcc,sparse,統一系,collision:1216
M.1724741495.A.3C7,1216,code,2024-08-27 14:51:35,情報,False,low_effort,paidzou,15,False,31,24,0,7,pttcc,sparse,統一系,collision:1216
M.1610020561.A.9F0,1216,code,2021-01-07 19:56:01,標的,False,high_effort,aragornwill,1,False,34,24,0,10,pttcc,sparse,統一系,collision:1216
M.1601876079.A.70E,1216,code,2020-10-05 13:34:39,公告,False,low_effort,[彩券],1,False,32,25,2,5,pttcc,sparse,統一系,collision:1216
M.1610546617.A.1D6,1216,code,2021-01-13 22:03:37,新聞,False,low_effort,kiversonx17,8,False,31,20,3,8,pttcc,sparse,統一系,collision:1216
M.1681992148.A.4B7,1216,code,2023-04-20 20:02:28,情報,False,low_effort,q1a1,6,False,11,7,0,4,pttcc,sparse,統一系,collision:1216
M.1719568875.A.D17,1216,code,2024-06-28 18:01:15,新聞,False,low_effort,Reewalker,2,False,203,80,17,106,pttcc,sparse,統一系,collision:1216
M.1729746903.A.6F1,1216,code,2024-10-24 13:15:03,新聞,False,low_effort,anti87,1,False,83,41,3,39,pttcc,sparse,統一系,collision:1216
M.1593527798.A.8AD,1216,code,2020-06-30 22:36:38,請益,True,mid_effort,m4vu0,7,False,7,5,1,1,pttcc,sparse,統一系,collision:1216
M.1652728730.A.D78,1216,code,2022-05-17 03:18:50,心得,False,mid_effort,Ox0bb,15,False,20,11,0,9,pttcc,sparse,統一系,collision:1216
M.1716201200.A.52B,1216,code,2024-05-20 18:33:20,情報,False,low_effort,q1a1,8,False,26,17,1,8,pttcc,sparse,統一系,collision:1216
M.1650891788.A.DA9,1216,code,2022-04-25 21:03:08,情報,False,low_effort,steveisaman,2,False,8,8,0,0,pttcc,sparse,統一系,collision:1216
M.1679667509.A.E47,1216,code,2023-03-24 22:18:29,情報,False,low_effort,steveisaman,6,False,1,1,0,0,pttcc,sparse,統一系,collision:1216
M.1669370178.A.0BF,1216,code,2022-11-25 17:56:18,情報,False,low_effort,steveisaman,6,False,3,3,0,0,pttcc,sparse,統一系,collision:1216
M.1725470800.A.7E8,1216,code,2024-09-05 01:26:40,情報,False,low_effort,steveisaman,4,False,3,3,0,0,pttcc,sparse,統一系,collision:1216
M.1669280984.A.3DB,1216,code,2022-11-24 17:09:44,情報,False,low_effort,village0817,8,False,107,67,9,31,pttcc,sparse,統一系,collision:1216
M.1722613472.A.9C1,1216,code,2024-08-02 23:44:32,情報,False,low_effort,steveisaman,5,False,1,1,0,0,pttcc,sparse,統一系,collision:1216
M.1658744755.A.A8B,1301,code,2022-07-25 18:25:55,情報,False,low_effort,steveisaman,5,False,5,5,0,0,pttcc,dense,台塑系,collision:1301
M.1670549625.A.D27,1301,code,2022-12-09 09:33:45,新聞,False,low_effort,rubberking,2,False,2,1,0,1,pttcc,dense,台塑系,collision:1301
M.1680921345.A.4AC,1301,name_with_context,2023-04-08 10:35:45,新聞,True,low_effort,Riesz,2,False,61,21,0,40,pttcc,dense,台塑系,collision:1301
M.1625846339.A.310,1301,code,2021-07-09 23:58:59,請益,True,mid_effort,nelson02548,1,False,77,52,5,20,pttcc,dense,台塑系,collision:1301
M.1713436248.A.72F,1301,name_with_context,2024-04-18 18:30:48,情報,False,low_effort,q1a1,7,False,57,48,1,8,pttcc,dense,台塑系,collision:1301
M.1621428526.A.973,1301,code,2021-05-19 20:48:46,新聞,False,low_effort,hithaman,12,False,24,15,1,8,pttcc,dense,台塑系,collision:1301
M.1656670084.A.AC7,1301,code,2022-07-01 18:08:04,情報,False,low_effort,steveisaman,5,False,10,7,0,3,pttcc,dense,台塑系,collision:1301
M.1587390565.A.C67,1301,name_with_context,2020-04-20 21:49:25,請益,True,mid_effort,zeroxod,1,False,28,10,5,13,pttcc,dense,台塑系,collision:1301
M.1702033203.A.7E3,1301,code,2023-12-08 19:00:03,情報,False,low_effort,q1a1,10,False,20,15,1,4,pttcc,dense,台塑系,collision:1301
M.1651115331.A.578,1301,name_with_context,2022-04-28 11:08:51,新聞,False,low_effort,popo123456,5,False,84,44,16,24,pttcc,dense,台塑系,collision:1301
M.1631717148.A.C26,1301,code,2021-09-15 22:45:48,情報,False,low_effort,steveisaman,8,False,11,9,0,2,pttcc,dense,台塑系,collision:1301
M.1609806963.A.F1B,1301,name_with_context,2021-01-05 08:36:03,新聞,False,low_effort,abramtw,5,False,25,13,5,7,pttcc,dense,台塑系,collision:1301
M.1625616939.A.939,1301,name_with_context,2021-07-07 08:15:39,新聞,False,low_effort,k543k5,1,False,70,48,1,21,pttcc,dense,台塑系,collision:1301
M.1715746399.A.196,1301,code,2024-05-15 12:13:19,標的,False,high_effort,leokuang,2,False,82,43,7,32,pttcc,dense,台塑系,collision:1301
M.1631612452.A.CCD,1301,code,2021-09-14 17:40:52,情報,False,low_effort,steveisaman,6,False,14,8,0,6,pttcc,dense,台塑系,collision:1301
M.1706260628.A.D12,1301,code,2024-01-26 17:17:08,新聞,False,low_effort,DrowningPool,7,False,231,134,8,89,pttcc,dense,台塑系,collision:1301
M.1618909493.A.A9D,1301,code,2021-04-20 17:04:53,新聞,False,low_effort,CTC0115,2,False,19,13,0,6,pttcc,dense,台塑系,collision:1301
M.1726449589.A.5ED,1301,code,2024-09-16 09:19:49,標的,False,high_effort,dahlia7357,1,False,124,96,2,26,pttcc,dense,台塑系,collision:1301
M.1640856490.A.0E4,1301,name_with_context,2021-12-30 17:28:10,新聞,False,low_effort,hiyato994,1,False,53,36,6,11,pttcc,dense,台塑系,collision:1301
M.1627863939.A.8AC,1301,code,2021-08-02 08:25:39,新聞,False,low_effort,aapcao,1,False,22,10,1,11,pttcc,dense,台塑系,collision:1301
M.1622469977.A.C15,1304,code,2021-05-31 22:06:17,新聞,False,low_effort,hithaman,11,False,43,29,4,10,pttcc,sparse,台亞台聚,collision:1304
M.1634897461.A.62D,1304,name,2021-10-22 18:11:01,情報,False,low_effort,zorro0555,3,False,34,22,0,12,pttcc,sparse,台亞台聚,collision:1304
M.1679055438.A.FF9,1304,code,2023-03-17 20:17:18,情報,False,low_effort,steveisaman,6,False,1,1,0,0,pttcc,sparse,台亞台聚,collision:1304
M.1716891402.A.A7F,1304,code,2024-05-28 18:16:42,情報,False,low_effort,q1a1,10,False,16,16,0,0,pttcc,sparse,台亞台聚,collision:1304
M.1632736785.A.06D,1304,code,2021-09-27 17:59:45,情報,False,low_effort,steveisaman,6,False,10,6,0,4,pttcc,sparse,台亞台聚,collision:1304
M.1637161060.A.28A,1304,name,2021-11-17 22:57:40,情報,False,low_effort,luz940401,6,False,19,14,1,4,pttcc,sparse,台亞台聚,collision:1304
M.1677838294.A.67B,1304,name,2023-03-03 18:11:34,情報,False,low_effort,q1a1,8,False,20,11,5,4,pttcc,sparse,台亞台聚,collision:1304
M.1657189351.A.8D7,1304,name,2022-07-07 18:22:31,情報,False,low_effort,addy7533967,6,False,78,51,5,22,pttcc,sparse,台亞台聚,collision:1304
M.1600400039.A.D15,1304,name,2020-09-18 11:33:59,標的,False,high_effort,halflord,3,False,32,22,0,10,pttcc,sparse,台亞台聚,collision:1304
M.1726665374.A.A64,1304,name,2024-09-18 21:16:14,情報,False,low_effort,q1a1,7,False,10,5,0,5,pttcc,sparse,台亞台聚,collision:1304
M.1652955848.A.38A,1304,name,2022-05-19 18:24:08,情報,False,low_effort,addy7533967,8,False,35,26,2,7,pttcc,sparse,台亞台聚,collision:1304
M.1733197939.A.3D7,1304,name,2024-12-03 11:52:19,新聞,False,low_effort,galeolow,4,False,84,30,9,45,pttcc,sparse,台亞台聚,collision:1304
M.1629971339.A.897,1304,code,2021-08-26 17:48:59,情報,False,low_effort,steveisaman,7,False,14,11,0,3,pttcc,sparse,台亞台聚,collision:1304
M.1631799549.A.F70,1304,code,2021-09-16 21:39:09,情報,False,low_effort,steveisaman,7,False,1,1,0,0,pttcc,sparse,台亞台聚,collision:1304
M.1626086525.A.7BA,1304,name,2021-07-12 18:42:05,情報,False,low_effort,shuweition,6,False,105,70,4,31,pttcc,sparse,台亞台聚,collision:1304
M.1639031879.A.D47,1304,name,2021-12-09 14:37:59,情報,False,low_effort,cuteSquirrel,1,False,21,13,1,7,pttcc,sparse,台亞台聚,collision:1304
M.1615349570.A.122,1304,name,2021-03-10 12:12:50,新聞,False,low_effort,Reewalker,3,False,90,46,6,38,pttcc,sparse,台亞台聚,collision:1304
M.1620030976.A.F25,1304,name,2021-05-03 16:36:16,其他,False,unclassified,iamthebest08,7,False,121,89,7,25,pttcc,sparse,台亞台聚,collision:1304
M.1673967204.A.092,1304,name,2023-01-17 22:53:24,情報,False,low_effort,addy7533967,7,False,31,25,0,6,pttcc,sparse,台亞台聚,collision:1304
M.1618561382.A.EF3,1304,name,2021-04-16 16:23:02,其他,False,unclassified,iamthebest08,8,False,103,79,2,22,pttcc,sparse,台亞台聚,collision:1304
M.1717670279.A.3CE,1414,code,2024-06-06 18:37:59,情報,False,low_effort,q1a1,7,False,66,47,5,14,pttcc,sparse,東和系,collision:1414
M.1694174835.A.BA0,1414,code,2023-09-08 20:07:15,情報,False,low_effort,q1a1,9,False,14,11,1,2,pttcc,sparse,東和系,collision:1414
M.1701252959.A.CE5,1414,code,2023-11-29 18:15:59,情報,False,low_effort,q1a1,7,False,19,12,2,5,pttcc,sparse,東和系,collision:1414
M.1691664004.A.AC7,1414,code,2023-08-10 18:40:04,情報,False,low_effort,q1a1,7,False,36,23,0,13,pttcc,sparse,東和系,collision:1414
M.1619773259.A.4DB,1414,code,2021-04-30 17:00:59,新聞,False,low_effort,golover,12,False,117,72,5,40,pttcc,sparse,東和系,collision:1414
M.1713868205.A.13A,1414,code,2024-04-23 18:30:05,情報,False,low_effort,q1a1,8,False,16,16,0,0,pttcc,sparse,東和系,collision:1414
M.1625029573.A.DBF,1414,code,2021-06-30 13:06:13,請益,False,mid_effort,spartaucs896,1,False,44,32,4,8,pttcc,sparse,東和系,collision:1414
M.1698315353.A.64D,1414,code,2023-10-26 18:15:53,情報,False,low_effort,q1a1,10,False,18,11,0,7,pttcc,sparse,東和系,collision:1414
M.1637834314.A.B73,1414,code,2021-11-25 17:58:34,情報,False,low_effort,rutsuki,3,False,5,3,0,2,pttcc,sparse,東和系,collision:1414
M.1639059223.A.3F4,1414,code,2021-12-09 22:13:43,標的,False,high_effort,tiny5566,7,False,32,25,1,6,pttcc,sparse,東和系,collision:1414
M.1705659768.A.3E7,1414,code,2024-01-19 18:22:48,情報,False,low_effort,q1a1,10,False,46,34,3,9,pttcc,sparse,東和系,collision:1414
M.1713176202.A.97A,1414,code,2024-04-15 18:16:42,情報,False,low_effort,q1a1,8,False,19,12,4,3,pttcc,sparse,東和系,collision:1414
M.1716545778.A.002,1414,code,2024-05-24 18:16:18,情報,False,low_effort,q1a1,10,False,16,10,1,5,pttcc,sparse,東和系,collision:1414
M.1664363661.A.772,1414,code,2022-09-28 19:14:21,情報,False,low_effort,addy7533967,7,False,27,19,1,7,pttcc,sparse,東和系,collision:1414
M.1668423215.A.547,1414,code,2022-11-14 18:53:35,情報,False,low_effort,addy7533967,7,False,21,12,2,7,pttcc,sparse,東和系,collision:1414
M.1637749888.A.D0C,1414,code,2021-11-24 18:31:28,情報,False,low_effort,rutsuki,4,False,10,8,0,2,pttcc,sparse,東和系,collision:1414
M.1675257628.A.E78,1414,code,2023-02-01 21:20:28,請益,False,mid_effort,bown,2,False,68,17,0,51,pttcc,sparse,東和系,collision:1414
M.1704970598.A.5FD,1414,code,2024-01-11 18:56:38,情報,False,low_effort,q1a1,6,False,10,8,0,2,pttcc,sparse,東和系,collision:1414
M.1730907420.A.141,1414,code,2024-11-06 23:37:00,情報,False,low_effort,q1a1,5,False,17,9,1,7,pttcc,sparse,東和系,collision:1414
M.1625122151.A.D5C,1414,code,2021-07-01 14:49:11,心得,False,mid_effort,weekend88123,1,False,123,107,2,14,pttcc,sparse,東和系,collision:1414
M.1658755818.A.4F8,1605,code,2022-07-25 21:30:18,情報,False,low_effort,steward135,9,False,64,45,4,15,pttcc,sparse,華新系,collision:1605
M.1675171551.A.E60,1605,code,2023-01-31 21:25:51,情報,False,low_effort,steward135,4,False,53,43,2,8,pttcc,sparse,華新系,collision:1605
M.1637718838.A.654,1605,code,2021-11-24 09:53:58,標的,False,high_effort,IzumiKonata,1,False,50,34,1,15,pttcc,sparse,華新系,collision:1605
M.1670320354.A.686,1605,code,2022-12-06 17:52:34,情報,False,low_effort,steveisaman,3,False,0,0,0,0,pttcc,sparse,華新系,collision:1605
M.1653917703.A.15E,1605,code,2022-05-30 21:35:03,情報,False,low_effort,steward135,5,False,88,66,4,18,pttcc,sparse,華新系,collision:1605
M.1663680618.A.69A,1605,code,2022-09-20 21:30:18,情報,False,low_effort,steward135,7,False,35,22,1,12,pttcc,sparse,華新系,collision:1605
M.1650458404.A.8B8,1605,code,2022-04-20 20:40:04,情報,False,low_effort,steveisaman,9,False,5,5,0,0,pttcc,sparse,華新系,collision:1605
M.1654868056.A.8AB,1605,code,2022-06-10 21:34:16,情報,False,low_effort,steward135,4,False,45,30,3,12,pttcc,sparse,華新系,collision:1605
M.1693558899.A.413,1605,code,2023-09-01 17:01:39,情報,False,low_effort,q1a1,7,False,61,32,1,28,pttcc,sparse,華新系,collision:1605
M.1696562318.A.EDD,1605,name_with_context,2023-10-06 11:18:38,新聞,False,low_effort,jin168chen,3,False,19,10,4,5,pttcc,sparse,華新系,collision:1605
M.1651677365.A.456,1605,code,2022-05-04 23:16:05,新聞,False,low_effort,DrowningPool,3,False,25,19,2,4,pttcc,sparse,華新系,collision:1605
M.1627563990.A.017,1605,name_with_context,2021-07-29 21:06:30,新聞,False,low_effort,lumwhola,2,False,40,28,1,11,pttcc,sparse,華新系,collision:1605
M.1660642870.A.9AB,1605,code,2022-08-16 17:41:10,情報,False,low_effort,steveisaman,4,False,2,2,0,0,pttcc,sparse,華新系,collision:1605
M.1655299269.A.15E,1605,code,2022-06-15 21:21:09,情報,False,low_effort,steward135,6,False,34,25,1,8,pttcc,sparse,華新系,collision:1605
M.1625473190.A.407,1605,code,2021-07-05 16:19:50,情報,True,low_effort,djviva,3,False,12,8,1,3,pttcc,sparse,華新系,collision:1605
M.1641824170.A.AD3,1605,code,2022-01-10 22:16:10,情報,False,low_effort,IzumiKonata,1,False,11,10,0,1,pttcc,sparse,華新系,collision:1605
M.1584698078.A.F47,1605,code,2020-03-20 17:54:38,其他,False,unclassified,ambitious,15,False,52,33,4,15,pttcc,sparse,華新系,collision:1605
M.1627990346.A.7FE,1605,code,2021-08-03 19:32:26,情報,False,low_effort,rutsuki,6,False,5,2,1,2,pttcc,sparse,華新系,collision:1605
M.1655373863.A.D1C,1605,code,2022-06-16 18:04:23,情報,False,low_effort,steveisaman,5,False,5,4,0,1,pttcc,sparse,華新系,collision:1605
M.1650460152.A.F3D,1605,code,2022-04-20 21:09:12,情報,False,low_effort,steward135,9,False,50,38,1,11,pttcc,sparse,華新系,collision:1605
M.1678444565.A.21A,1762,code,2023-03-10 18:36:05,情報,False,low_effort,q1a1,11,False,15,12,1,2,pttcc,sparse,中化系,collision:1762
M.1681471689.A.269,1762,code,2023-04-14 19:28:09,情報,False,low_effort,steveisaman,8,False,6,4,0,2,pttcc,sparse,中化系,collision:1762
M.1579954980.A.50C,1762,code,2020-01-25 20:23:00,其他,False,unclassified,KKlin813,4,False,126,74,3,49,pttcc,sparse,中化系,collision:1762
M.1586964673.A.B79,1762,code,2020-04-15 23:31:13,新聞,False,low_effort,oshua,1,False,102,41,1,60,pttcc,sparse,中化系,collision:1762
M.1649686974.A.21A,1762,code,2022-04-11 22:22:54,情報,False,low_effort,luz940401,6,False,6,4,0,2,pttcc,sparse,中化系,collision:1762
M.1658206739.A.4EB,1762,code,2022-07-19 12:58:59,新聞,True,low_effort,tooth9,9,False,5,3,0,2,pttcc,sparse,中化系,collision:1762
M.1634018406.A.A44,1762,name_with_context,2021-10-12 14:00:06,閒聊,False,low_effort,laptic,7,False,1491,819,40,632,pttcc,sparse,中化系,collision:1762
M.1670923253.A.8DC,1762,code,2022-12-13 17:20:53,新聞,False,low_effort,tooth9,5,False,55,40,1,14,pttcc,sparse,中化系,collision:1762
M.1590764137.A.71F,1762,name_with_context,2020-05-29 22:55:37,新聞,False,low_effort,icedog122,2,False,49,23,7,19,pttcc,sparse,中化系,collision:1762
M.1630663655.A.ADE,1762,code,2021-09-03 18:07:35,情報,False,low_effort,steveisaman,6,False,3,2,0,1,pttcc,sparse,中化系,collision:1762
M.1649947062.A.E0D,1762,code,2022-04-14 22:37:42,情報,False,low_effort,luz940401,6,False,1,1,0,0,pttcc,sparse,中化系,collision:1762
M.1588772707.A.804,1762,name_with_context,2020-05-06 21:45:07,請益,True,mid_effort,tsmc1,2,False,117,72,11,34,pttcc,sparse,中化系,collision:1762
M.1672638754.A.C6B,1762,name_with_context,2023-01-02 13:52:34,新聞,False,low_effort,tooth9,3,False,62,32,3,27,pttcc,sparse,中化系,collision:1762
M.1672060660.A.DAB,1762,name_with_context,2022-12-26 21:17:40,情報,False,low_effort,offeree,3,False,40,19,6,15,pttcc,sparse,中化系,collision:1762
M.1616344586.A.E49,1762,name_with_context,2021-03-22 00:36:26,標的,False,high_effort,wugesmin,2,False,32,21,2,9,pttcc,sparse,中化系,collision:1762
M.1649656803.A.49B,1762,name_with_context,2022-04-11 14:00:03,閒聊,False,low_effort,laptic,8,False,1488,863,78,547,pttcc,sparse,中化系,collision:1762
M.1701658390.A.72D,1762,name_with_context,2023-12-04 10:53:10,標的,False,high_effort,HOMEWA,1,False,31,14,4,13,pttcc,sparse,中化系,collision:1762
M.1682692007.A.8F8,1762,code,2023-04-28 22:26:47,情報,False,low_effort,steveisaman,3,False,3,2,1,0,pttcc,sparse,中化系,collision:1762
M.1591279733.A.AE0,1762,name_with_context,2020-06-04 22:08:53,投顧,True,low_effort,DurantSucks,3,False,85,30,16,39,pttcc,sparse,中化系,collision:1762
M.1596208746.A.7BB,1762,code,2020-07-31 23:19:06,標的,True,mid_effort,nicefl2001,1,False,7,3,1,3,pttcc,sparse,中化系,collision:1762
M.1685960492.A.F9E,1907,name,2023-06-05 18:21:32,情報,False,low_effort,q1a1,12,False,11,7,1,3,pttcc,sparse,永豐系,collision:1907
M.1696335862.A.45F,1907,name,2023-10-03 20:24:22,新聞,False,low_effort,blueian,2,False,10,6,2,2,pttcc,sparse,永豐系,collision:1907
M.1618817848.A.770,1907,code,2021-04-19 15:37:28,新聞,False,low_effort,qazmomo0314,1,False,60,36,2,22,pttcc,sparse,永豐系,collision:1907
M.1722570095.A.552,1907,code,2024-08-02 11:41:35,公告,False,low_effort,rayccccc,1,False,2,2,0,0,pttcc,sparse,永豐系,collision:1907
M.1618475811.A.BFD,1907,name,2021-04-15 16:36:51,其他,False,unclassified,iamthebest08,5,False,75,47,0,28,pttcc,sparse,永豐系,collision:1907
M.1644234807.A.F09,1907,name,2022-02-07 19:53:27,新聞,False,low_effort,JessVeron,3,False,100,63,4,33,pttcc,sparse,永豐系,collision:1907
M.1614852556.A.149,1907,code,2021-03-04 18:09:16,標的,True,mid_effort,A22813079,1,False,19,11,1,7,pttcc,sparse,永豐系,collision:1907
M.1614795161.A.7B7,1907,code,2021-03-04 02:12:41,標的,False,high_effort,A22813079,1,False,44,23,4,17,pttcc,sparse,永豐系,collision:1907
M.1619670662.A.4E3,1907,name,2021-04-29 12:31:02,新聞,False,low_effort,ORK,1,False,61,37,2,22,pttcc,sparse,永豐系,collision:1907
M.1701093324.A.05C,1907,name,2023-11-27 21:55:24,新聞,False,low_effort,kkbox0800,2,False,13,7,0,6,pttcc,sparse,永豐系,collision:1907
M.1620703738.A.685,1907,name,2021-05-11 11:28:58,新聞,False,low_effort,NoAfraid,5,False,12,6,1,5,pttcc,sparse,永豐系,collision:1907
M.1682305360.A.939,1907,name,2023-04-24 11:02:40,新聞,False,low_effort,IzumiKonata,4,False,46,30,3,13,pttcc,sparse,永豐系,collision:1907
M.1622110012.A.98E,1907,code,2021-05-27 18:06:52,情報,False,low_effort,steveisaman,4,False,12,10,0,2,pttcc,sparse,永豐系,collision:1907
M.1610983984.A.3E8,1907,code,2021-01-18 23:33:04,新聞,True,low_effort,qwa317,6,False,80,35,3,42,pttcc,sparse,永豐系,collision:1907
M.1618902122.A.450,1907,name,2021-04-20 15:02:02,其他,False,unclassified,iamthebest08,9,False,95,56,4,35,pttcc,sparse,永豐系,collision:1907
M.1688024759.A.51D,1907,name,2023-06-29 15:45:59,新聞,False,low_effort,ulutiram,1,False,34,21,2,11,pttcc,sparse,永豐系,collision:1907
M.1687760519.A.DE9,1907,name,2023-06-26 14:21:59,新聞,False,low_effort,DrowningPool,12,False,97,52,19,26,pttcc,sparse,永豐系,collision:1907
M.1605688341.A.B68,1907,name,2020-11-18 16:32:21,新聞,False,low_effort,harchun,5,False,28,13,5,10,pttcc,sparse,永豐系,collision:1907
M.1619711975.A.6E2,1907,name,2021-04-29 23:59:35,新聞,False,low_effort,david810205,2,False,11,7,0,4,pttcc,sparse,永豐系,collision:1907
M.1652869309.A.668,1907,name,2022-05-18 18:21:49,情報,False,low_effort,addy7533967,7,False,43,32,1,10,pttcc,sparse,永豐系,collision:1907
M.1682039058.A.513,2002,name_with_context,2023-04-21 09:04:18,新聞,True,low_effort,icrose,10,False,71,8,40,23,pttcc,dense,中鋼系,collision:2002
M.1618387316.A.C09,2002,name_with_context,2021-04-14 16:01:56,請益,True,mid_effort,lichuer,2,False,23,10,3,10,pttcc,dense,中鋼系,collision:2002
M.1640066409.A.E03,2002,name_with_context,2021-12-21 14:00:09,創作,False,unclassified,alouis,3,False,5,4,1,0,pttcc,dense,中鋼系,collision:2002
M.1618438481.A.610,2002,name_with_context,2021-04-15 06:14:41,心得,True,mid_effort,sasolala,5,False,15,7,6,2,pttcc,dense,中鋼系,collision:2002
M.1700840909.A.1EC,2002,code,2023-11-24 23:48:29,新聞,False,low_effort,DrowningPool,5,False,139,39,63,37,pttcc,dense,中鋼系,collision:2002
M.1643015966.A.008,2002,name_with_context,2022-01-24 17:19:26,新聞,False,low_effort,lulu1305174,1,False,130,83,18,29,pttcc,dense,中鋼系,collision:2002
M.1608084866.A.0CD,2002,code,2020-12-16 10:14:26,新聞,False,low_effort,qwe22992168,1,False,47,22,9,16,pttcc,dense,中鋼系,collision:2002
M.1721824922.A.1CD,2002,code,2024-07-24 20:42:02,新聞,False,low_effort,BlueBird5566,2,False,44,27,1,16,pttcc,dense,中鋼系,collision:2002
M.1601544965.A.BF1,2002,name_with_context,2020-10-01 17:36:05,心得,False,mid_effort,koko147,6,False,55,31,2,22,pttcc,dense,中鋼系,collision:2002
M.1646231196.A.1A6,2002,code,2022-03-02 22:26:36,情報,False,low_effort,steveisaman,5,False,5,5,0,0,pttcc,dense,中鋼系,collision:2002
M.1630317068.A.395,2002,code,2021-08-30 17:51:08,情報,False,low_effort,steveisaman,5,False,23,15,0,8,pttcc,dense,中鋼系,collision:2002
M.1669628835.A.6DA,2002,code,2022-11-28 17:47:15,情報,False,low_effort,steveisaman,4,False,7,2,2,3,pttcc,dense,中鋼系,collision:2002
M.1701780715.A.79E,2002,code,2023-12-05 20:51:55,情報,False,low_effort,steveisaman,9,False,4,2,0,2,pttcc,dense,中鋼系,collision:2002
M.1623070549.A.0C6,2002,code,2021-06-07 20:55:49,情報,False,low_effort,steward135,10,False,131,87,8,36,pttcc,dense,中鋼系,collision:2002
M.1721468298.A.525,2002,code,2024-07-20 17:38:18,新聞,False,low_effort,icedog122,2,False,206,118,11,77,pttcc,dense,中鋼系,collision:2002
M.1628755751.A.64B,2002,name_with_context,2021-08-12 16:09:11,請益,False,mid_effort,bb0x0,2,False,91,61,3,27,pttcc,dense,中鋼系,collision:2002
M.1665804699.A.618,2002,code,2022-10-15 11:31:39,新聞,False,low_effort,Lime5566,1,False,144,90,17,37,pttcc,dense,中鋼系,collision:2002
M.1606915543.A.9B8,2002,name_with_context,2020-12-02 21:25:43,其他,False,unclassified,medama,1,False,176,89,6,81,pttcc,dense,中鋼系,collision:2002
M.1666248712.A.63D,2002,name_with_context,2022-10-20 14:51:52,新聞,False,low_effort,jefflin0824,4,False,141,72,21,48,pttcc,dense,中鋼系,collision:2002
M.1609255838.A.5FE,2002,name_with_context,2020-12-29 23:30:38,請益,True,mid_effort,aulau,3,False,13,8,1,4,pttcc,dense,中鋼系,collision:2002
M.1652091957.A.0ED,2006,name,2022-05-09 18:25:57,情報,False,low_effort,addy7533967,11,False,35,24,0,11,pttcc,sparse,東和系,collision:2006
M.1687358439.A.375,2006,code,2023-06-21 22:40:39,情報,False,low_effort,steveisaman,2,False,1,1,0,0,pttcc,sparse,東和系,collision:2006
M.1623402783.A.AB1,2006,code,2021-06-11 17:13:03,新聞,False,low_effort,Player01,4,False,79,44,5,30,pttcc,sparse,東和系,collision:2006
M.1631893004.A.E5C,2006,name,2021-09-17 23:36:44,情報,False,low_effort,moocow,6,False,33,25,1,7,pttcc,sparse,東和系,collision:2006
M.1620635278.A.57D,2006,name,2021-05-10 16:27:58,情報,False,low_effort,iamthebest08,12,False,202,146,10,46,pttcc,sparse,東和系,collision:2006
M.1631540344.A.A21,2006,code,2021-09-13 21:39:04,情報,False,low_effort,steveisaman,9,False,5,4,0,1,pttcc,sparse,東和系,collision:2006
M.1601256818.A.092,2006,name,2020-09-28 09:33:38,新聞,False,low_effort,boards,3,False,24,12,6,6,pttcc,sparse,東和系,collision:2006
M.1629524138.A.700,2006,name,2021-08-21 13:35:38,新聞,False,low_effort,ilovelol,2,False,56,32,3,21,pttcc,sparse,東和系,collision:2006
M.1698919905.A.F09,2006,name,2023-11-02 18:11:45,情報,False,low_effort,q1a1,4,False,29,25,2,2,pttcc,sparse,東和系,collision:2006
M.1623131277.A.2FE,2006,name,2021-06-08 13:47:57,新聞,False,low_effort,Rin5566,9,False,144,59,54,31,pttcc,sparse,東和系,collision:2006
M.1638874776.A.53C,2006,code,2021-12-07 18:59:36,情報,False,low_effort,steveisaman,5,False,10,8,0,2,pttcc,sparse,東和系,collision:2006
M.1708943032.A.D30,2006,code,2024-02-26 18:23:52,情報,False,low_effort,q1a1,1,False,60,43,1,16,pttcc,sparse,東和系,collision:2006
M.1619432841.A.818,2006,code,2021-04-26 18:27:21,其他,False,unclassified,steveisaman,8,False,5,4,0,1,pttcc,sparse,東和系,collision:2006
M.1650963094.A.512,2006,code,2022-04-26 16:51:34,情報,False,low_effort,village0817,8,False,102,65,2,35,pttcc,sparse,東和系,collision:2006
M.1617197746.A.48C,2006,code,2021-03-31 21:35:46,標的,False,high_effort,pure1121,1,False,185,118,3,64,pttcc,sparse,東和系,collision:2006
M.1628503448.A.0DB,2006,name,2021-08-09 18:04:08,情報,False,low_effort,shuweition,5,False,45,37,1,7,pttcc,sparse,東和系,collision:2006
M.1710152363.A.509,2006,name,2024-03-11 18:19:23,情報,False,low_effort,q1a1,6,False,23,13,0,10,pttcc,sparse,東和系,collision:2006
M.1637662715.A.CBD,2006,name,2021-11-23 18:18:35,情報,False,low_effort,shuweition,7,False,82,65,0,17,pttcc,sparse,東和系,collision:2006
M.1618653815.A.C0A,2006,code,2021-04-17 18:03:35,標的,False,high_effort,yoyo2037312,1,False,88,42,18,28,pttcc,sparse,東和系,collision:2006
M.1646908463.A.4FD,2006,name,2022-03-10 18:34:23,情報,False,low_effort,addy7533967,7,False,56,45,0,11,pttcc,sparse,東和系,collision:2006
M.1713350527.A.5A7,2013,name,2024-04-17 18:42:07,新聞,False,low_effort,peter080808,1,False,288,134,38,116,pttcc,sparse,中鋼系,collision:2013
M.1630670096.A.6B6,2013,code,2021-09-03 19:54:56,情報,False,low_effort,luz940401,1,False,8,8,0,0,pttcc,sparse,中鋼系,collision:2013
M.1616328717.A.54B,2013,name,2021-03-21 20:11:57,新聞,False,low_effort,eierom,1,False,15,8,1,6,pttcc,sparse,中鋼系,collision:2013
M.1629373076.A.152,2013,code,2021-08-19 19:37:56,標的,True,mid_effort,jin168chen,1,False,18,14,1,3,pttcc,sparse,中鋼系,collision:2013
M.1628849054.A.366,2013,name,2021-08-13 18:04:14,情報,False,low_effort,shuweition,4,False,29,21,0,8,pttcc,sparse,中鋼系,collision:2013
M.1637760649.A.005,2013,code,2021-11-24 21:30:49,情報,False,low_effort,steward135,7,False,150,110,5,35,pttcc,sparse,中鋼系,collision:2013
M.1651952283.A.EDA,2013,code,2022-05-08 03:38:03,新聞,False,low_effort,Slzreo1726,6,False,55,33,11,11,pttcc,sparse,中鋼系,collision:2013
M.1724028651.A.6BB,2013,name,2024-08-19 08:50:51,新聞,False,low_effort,peter080808,1,False,320,127,65,128,pttcc,sparse,中鋼系,collision:2013
M.1604889571.A.145,2013,name,2020-11-09 10:39:31,新聞,False,low_effort,laptic,3,False,15,7,0,8,pttcc,sparse,中鋼系,collision:2013
M.1653560607.A.1B0,2013,name,2022-05-26 18:23:27,情報,False,low_effort,addy7533967,6,False,37,24,3,10,pttcc,sparse,中鋼系,collision:2013
M.1676899064.A.D2E,2013,name,2023-02-20 21:17:44,新聞,False,low_effort,TCB006,1,False,11,7,1,3,pttcc,sparse,中鋼系,collision:2013
M.1629454998.A.05E,2013,name,2021-08-20 18:23:18,情報,False,low_effort,shuweition,8,False,41,24,0,17,pttcc,sparse,中鋼系,collision:2013
M.1712139684.A.794,2013,name,2024-04-03 18:21:24,情報,False,low_effort,q1a1,8,False,13,7,0,6,pttcc,sparse,中鋼系,collision:2013
M.1666091487.A.12C,2013,name,2022-10-18 19:11:27,情報,False,low_effort,addy7533967,7,False,10,8,0,2,pttcc,sparse,中鋼系,collision:2013
M.1637733604.A.A17,2013,name,2021-11-24 14:00:04,閒聊,False,low_effort,laptic,4,False,1491,789,81,621,pttcc,sparse,中鋼系,collision:2013
M.1629245091.A.806,2013,name,2021-08-18 08:04:51,新聞,False,low_effort,gothmog,7,False,85,50,10,25,pttcc,sparse,中鋼系,collision:2013
M.1659324667.A.D3F,2013,code,2022-08-01 11:31:07,新聞,False,low_effort,bamama56,4,False,38,16,5,17,pttcc,sparse,中鋼系,collision:2013
M.1647305421.A.1B3,2013,name,2022-03-15 08:50:21,新聞,False,low_effort,natyshow,10,False,28,20,0,8,pttcc,sparse,中鋼系,collision:2013
M.1607864443.A.B6A,2013,name,2020-12-13 21:00:43,其他,False,unclassified,SMOOTH5528,4,False,129,76,4,49,pttcc,sparse,中鋼系,collision:2013
M.1577936125.A.088,2013,code,2020-01-02 11:35:25,新聞,False,low_effort,Amalgam,1,False,5,5,0,0,pttcc,sparse,中鋼系,collision:2013
M.1663334547.A.D48,2014,name_with_context,2022-09-16 21:22:27,新聞,False,low_effort,GMTB,12,False,35,19,3,13,pttcc,sparse,中鋼系,collision:2014
M.1663249144.A.0B3,2014,code,2022-09-15 21:39:04,情報,False,low_effort,steward135,7,False,66,43,1,22,pttcc,sparse,中鋼系,collision:2014
M.1671630708.A.D49,2014,code,2022-12-21 21:51:48,情報,False,low_effort,steward135,7,False,23,20,0,3,pttcc,sparse,中鋼系,collision:2014
M.1629524138.A.700,2014,name_with_context,2021-08-21 13:35:38,新聞,False,low_effort,ilovelol,2,False,56,32,3,21,pttcc,sparse,中鋼系,collision:2014
M.1712991652.A.AF2,2014,name_with_context,2024-04-13 15:00:52,新聞,False,low_effort,addy7533967,2,False,60,36,2,22,pttcc,sparse,中鋼系,collision:2014
M.1620367882.A.1B4,2014,name_with_context,2021-05-07 14:11:22,心得,True,mid_effort,Jarrar,3,False,87,28,35,24,pttcc,sparse,中鋼系,collision:2014
M.1668687320.A.938,2014,code,2022-11-17 20:15:20,情報,False,low_effort,steveisaman,4,False,4,3,0,1,pttcc,sparse,中鋼系,collision:2014
M.1639996448.A.0C1,2014,code,2021-12-20 18:34:08,情報,False,low_effort,rutsuki,7,False,7,3,0,4,pttcc,sparse,中鋼系,collision:2014
M.1728445975.A.76B,2014,code,2024-10-09 11:52:55,新聞,False,low_effort,keel90135,10,False,49,33,2,14,pttcc,sparse,中鋼系,collision:2014
M.1620223241.A.DA4,2014,code,2021-05-05 22:00:41,其他,False,unclassified,steveisaman,5,False,12,11,0,1,pttcc,sparse,中鋼系,collision:2014
M.1622552296.A.317,2014,code,2021-06-01 20:58:16,情報,False,low_effort,steward135,10,False,161,123,8,30,pttcc,sparse,中鋼系,collision:2014
M.1657267365.A.23D,2014,code,2022-07-08 16:02:45,情報,False,low_effort,jefflin0824,1,False,39,27,2,10,pttcc,sparse,中鋼系,collision:2014
M.1624341186.A.668,2014,name_with_context,2021-06-22 13:53:06,新聞,False,low_effort,s58565254,12,False,18,11,1,6,pttcc,sparse,中鋼系,collision:2014
M.1646966167.A.5BE,2014,name_with_context,2022-03-11 10:36:07,新聞,False,low_effort,bamama56,5,False,19,13,0,6,pttcc,sparse,中鋼系,collision:2014
M.1586438876.A.73F,2014,code,2020-04-09 21:27:56,其他,False,unclassified,BreezeCat,1,False,64,36,1,27,pttcc,sparse,中鋼系,collision:2014
M.1666244940.A.2DE,2014,name_with_context,2022-10-20 13:49:00,新聞,False,low_effort,sayforever69,9,False,42,22,1,19,pttcc,sparse,中鋼系,collision:2014
M.1587628721.A.068,2014,code,2020-04-23 15:58:41,新聞,False,low_effort,Five,2,False,15,7,0,8,pttcc,sparse,中鋼系,collision:2014
M.1618924002.A.04C,2014,code,2021-04-20 21:06:42,其他,False,unclassified,steward135,6,False,104,73,6,25,pttcc,sparse,中鋼系,collision:2014
M.1621947208.A.A0C,2014,code,2021-05-25 20:53:28,情報,False,low_effort,steward135,12,False,102,70,7,25,pttcc,sparse,中鋼系,collision:2014
M.1669820433.A.D60,2014,code,2022-11-30 23:00:33,新聞,False,low_effort,mars1985,2,False,13,4,0,9,pttcc,sparse,中鋼系,collision:2014
M.1731337668.A.B04,2340,code,2024-11-11 23:07:48,情報,False,low_effort,q1a1,8,False,4,2,0,2,pttcc,sparse,台亞台聚,collision:2340
M.1654002820.A.08A,2340,code,2022-05-31 21:13:40,情報,False,low_effort,steward135,7,False,62,39,3,20,pttcc,sparse,台亞台聚,collision:2340
M.1687760519.A.DE9,2340,name_with_context,2023-06-26 14:21:59,新聞,False,low_effort,DrowningPool,12,False,97,52,19,26,pttcc,sparse,台亞台聚,collision:2340
M.1652183979.A.0E3,2340,name_with_context,2022-05-10 19:59:39,活動,False,unclassified,sky123232,3,False,110,69,3,38,pttcc,sparse,台亞台聚,collision:2340
M.1614232943.A.D25,2340,code,2021-02-25 14:02:23,標的,True,mid_effort,ZXSC,1,False,99,65,9,25,pttcc,sparse,台亞台聚,collision:2340
M.1605769998.A.FB7,2340,code,2020-11-19 15:13:18,標的,False,high_effort,simons,1,False,17,8,0,9,pttcc,sparse,台亞台聚,collision:2340
M.1606220720.A.7F8,2340,code,2020-11-24 20:25:20,新聞,False,low_effort,f204137,3,False,203,103,12,88,pttcc,sparse,台亞台聚,collision:2340
M.1713492669.A.7B5,2340,code,2024-04-19 10:11:09,未分類,False,unclassified,Conmo,3,False,29,6,0,23,pttcc,sparse,台亞台聚,collision:2340
M.1690971581.A.61B,2340,name_with_context,2023-08-02 18:19:41,情報,False,low_effort,q1a1,10,False,46,34,1,11,pttcc,sparse,台亞台聚,collision:2340
M.1657118752.A.5B1,2340,code,2022-07-06 22:45:52,情報,False,low_effort,luz940401,13,False,18,6,0,12,pttcc,sparse,台亞台聚,collision:2340
M.1631797652.A.C05,2340,code,2021-09-16 21:07:32,新聞,False,low_effort,nodnarb1027,6,False,68,42,9,17,pttcc,sparse,台亞台聚,collision:2340
M.1635173658.A.73F,2340,code,2021-10-25 22:54:18,情報,False,low_effort,luz940401,5,False,14,10,0,4,pttcc,sparse,台亞台聚,collision:2340
M.1640800686.A.25F,2340,code,2021-12-30 01:58:06,情報,False,low_effort,luz940401,8,False,8,6,0,2,pttcc,sparse,台亞台聚,collision:2340
M.1615341532.A.3F3,2340,code,2021-03-10 09:58:52,標的,False,high_effort,waiting0212,1,False,98,62,10,26,pttcc,sparse,台亞台聚,collision:2340
M.1637222823.A.8CD,2340,code,2021-11-18 16:07:03,情報,True,low_effort,ichitakajoe,4,False,1,0,0,1,pttcc,sparse,台亞台聚,collision:2340
M.1638291755.A.A0E,2340,code,2021-12-01 01:02:35,情報,False,low_effort,luz940401,4,False,6,4,0,2,pttcc,sparse,台亞台聚,collision:2340
M.1701685500.A.4A6,2340,code,2023-12-04 18:25:00,情報,False,low_effort,q1a1,9,False,18,15,0,3,pttcc,sparse,台亞台聚,collision:2340
M.1642426190.A.895,2340,code,2022-01-17 21:29:50,情報,False,low_effort,steward135,6,False,45,28,0,17,pttcc,sparse,台亞台聚,collision:2340
M.1635950179.A.73C,2340,code,2021-11-03 22:36:19,情報,False,low_effort,luz940401,10,False,19,15,1,3,pttcc,sparse,台亞台聚,collision:2340
M.1635785406.A.D1F,2340,code,2021-11-02 00:50:06,情報,False,low_effort,luz940401,9,False,25,15,0,10,pttcc,sparse,台亞台聚,collision:2340
M.1698142395.A.5F5,2427,name,2023-10-24 18:13:15,情報,False,low_effort,q1a1,9,False,29,26,1,2,pttcc,sparse,三商系,collision:2427
M.1686377302.A.7D8,2427,name,2023-06-10 14:08:22,標的,False,high_effort,kimogucci,1,False,49,24,0,25,pttcc,sparse,三商系,collision:2427
M.1686303588.A.E51,2427,code,2023-06-09 17:39:48,情報,False,low_effort,a0808996,1,False,12,10,0,2,pttcc,sparse,三商系,collision:2427
M.1699956711.A.595,2427,name,2023-11-14 18:11:51,情報,False,low_effort,q1a1,7,False,20,12,4,4,pttcc,sparse,三商系,collision:2427
M.1687863580.A.4CF,2427,name,2023-06-27 18:59:40,情報,False,low_effort,q1a1,7,False,17,12,3,2,pttcc,sparse,三商系,collision:2427
M.1687255806.A.048,2427,name,2023-06-20 18:10:06,情報,False,low_effort,q1a1,9,False,12,10,0,2,pttcc,sparse,三商系,collision:2427
M.1695199358.A.CB8,2427,code,2023-09-20 16:42:38,情報,False,low_effort,q1a1,1,False,29,14,6,9,pttcc,sparse,三商系,collision:2427
M.1701753363.A.7A8,2427,code,2023-12-05 13:16:03,情報,False,low_effort,ej03xu3,1,False,27,17,1,9,pttcc,sparse,三商系,collision:2427
M.1684403599.A.CB1,2427,code,2023-05-18 17:53:19,情報,False,low_effort,waterlin1993,1,False,43,32,1,10,pttcc,sparse,三商系,collision:2427
M.1698228787.A.CC2,2427,name,2023-10-25 18:13:07,情報,False,low_effort,q1a1,10,False,20,14,1,5,pttcc,sparse,三商系,collision:2427
M.1659065596.A.F20,2427,code,2022-07-29 11:33:16,情報,False,low_effort,jc761128,2,False,11,7,0,4,pttcc,sparse,三商系,collision:2427
M.1684750250.A.917,2427,name,2023-05-22 18:10:50,情報,False,low_effort,q1a1,8,False,16,10,1,5,pttcc,sparse,三商系,collision:2427
M.1615278098.A.7E7,2427,name,2021-03-09 16:21:38,標的,False,high_effort,SODisReal,2,False,37,19,1,17,pttcc,sparse,三商系,collision:2427
M.1675768646.A.9CB,2427,name,2023-02-07 19:17:26,新聞,False,low_effort,addy7533967,1,False,75,46,4,25,pttcc,sparse,三商系,collision:2427
M.1679482536.A.732,2427,name,2023-03-22 18:55:36,情報,False,low_effort,q1a1,6,False,20,16,1,3,pttcc,sparse,三商系,collision:2427
M.1713262469.A.856,2427,name,2024-04-16 18:14:29,情報,False,low_effort,q1a1,10,False,77,58,3,16,pttcc,sparse,三商系,collision:2427
M.1686904056.A.072,2427,name,2023-06-16 16:27:36,請益,True,mid_effort,VVVV5555,1,False,302,233,11,58,pttcc,sparse,三商系,collision:2427
M.1675959525.A.64C,2427,code,2023-02-10 00:18:45,標的,False,high_effort,a0808996,1,False,119,81,1,37,pttcc,sparse,三商系,collision:2427
M.1700734328.A.038,2427,name,2023-11-23 18:12:08,情報,False,low_effort,q1a1,7,False,22,12,1,9,pttcc,sparse,三商系,collision:2427
M.1685626545.A.50D,2427,code,2023-06-01 21:35:45,標的,True,mid_effort,ninia178178,2,False,76,37,0,39,pttcc,sparse,三商系,collision:2427
M.1620566332.A.EE4,2603,code,2021-05-09 21:18:52,閒聊,True,low_effort,fatdoghusky,4,False,1,1,0,0,pttcc,dense,長榮系,collision:2603
M.1660829406.A.102,2603,code,2022-08-18 21:30:06,情報,False,low_effort,steward135,5,False,66,52,0,14,pttcc,dense,長榮系,collision:2603
M.1625714169.A.B8F,2603,code,2021-07-08 11:16:09,心得,True,mid_effort,a52655,2,False,14,10,1,3,pttcc,dense,長榮系,collision:2603
M.1625122743.A.DB5,2603,code,2021-07-01 14:59:03,心得,False,mid_effort,yofa,1,False,164,140,6,18,pttcc,dense,長榮系,collision:2603
M.1702992752.A.D46,2603,code,2023-12-19 21:32:32,情報,False,low_effort,steward135,4,False,29,13,1,15,pttcc,dense,長榮系,collision:2603
M.1722353356.A.3DF,2603,code,2024-07-30 23:29:16,情報,False,low_effort,steveisaman,3,False,3,3,0,0,pttcc,dense,長榮系,collision:2603
M.1649682470.A.35D,2603,code,2022-04-11 21:07:50,情報,False,low_effort,steward135,7,False,70,48,3,19,pttcc,dense,長榮系,collision:2603
M.1679786305.A.B1A,2603,code,2023-03-26 07:18:25,新聞,False,low_effort,ej03xu3,3,False,17,7,1,9,pttcc,dense,長榮系,collision:2603
M.1716540602.A.BED,2603,code,2024-05-24 16:50:02,新聞,False,low_effort,AnneofGreen,2,False,30,16,4,10,pttcc,dense,長榮系,collision:2603
M.1636643539.A.208,2603,code,2021-11-11 23:12:19,新聞,False,low_effort,cl3bp6,4,False,186,140,7,39,pttcc,dense,長榮系,collision:2603
M.1631448411.A.C6E,2603,code,2021-09-12 20:06:51,標的,False,high_effort,jinsan,2,False,82,44,4,34,pttcc,dense,長榮系,collision:2603
M.1620642698.A.63C,2603,name_with_context,2021-05-10 18:31:38,新聞,False,low_effort,mayingnine,3,False,40,19,4,17,pttcc,dense,長榮系,collision:2603
M.1638194615.A.C54,2603,code,2021-11-29 22:03:35,新聞,False,low_effort,samuel655200,2,False,78,43,9,26,pttcc,dense,長榮系,collision:2603
M.1638969346.A.949,2603,code,2021-12-08 21:15:46,情報,False,low_effort,steward135,7,False,82,58,2,22,pttcc,dense,長榮系,collision:2603
M.1698239757.A.2A3,2603,code,2023-10-25 21:15:57,情報,False,low_effort,steveisaman,3,False,7,5,0,2,pttcc,dense,長榮系,collision:2603
M.1633396675.A.80B,2603,code,2021-10-05 09:17:55,新聞,False,low_effort,bamama56,1,False,202,111,39,52,pttcc,dense,長榮系,collision:2603
M.1610105132.A.0C2,2603,code,2021-01-08 19:25:32,其他,False,unclassified,doubleaisno1,1,False,52,17,16,19,pttcc,dense,長榮系,collision:2603
M.1714402676.A.400,2603,code,2024-04-29 22:57:56,情報,False,low_effort,steveisaman,7,False,4,4,0,0,pttcc,dense,長榮系,collision:2603
M.1708438043.A.BBA,2603,code,2024-02-20 22:07:23,情報,False,low_effort,saber50116,4,False,38,28,0,10,pttcc,dense,長榮系,collision:2603
M.1666186677.A.584,2603,code,2022-10-19 21:37:57,情報,False,low_effort,steward135,4,False,51,28,3,20,pttcc,dense,長榮系,collision:2603
M.1699968883.A.DB7,2905,code,2023-11-14 21:34:43,標的,False,high_effort,kkbox0800,1,False,39,25,1,13,pttcc,sparse,三商系,collision:2905
M.1714119287.A.367,2905,code,2024-04-26 16:14:47,情報,False,low_effort,q1a1,1,False,29,21,0,8,pttcc,sparse,三商系,collision:2905
M.1693977950.A.6E2,2905,code,2023-09-06 13:25:50,情報,False,low_effort,ej03xu3,1,False,23,21,0,2,pttcc,sparse,三商系,collision:2905
M.1579169113.A.E00,2905,code,2020-01-16 18:05:13,新聞,False,low_effort,f204137,1,False,64,44,1,19,pttcc,sparse,三商系,collision:2905
M.1702285235.A.F18,2905,code,2023-12-11 17:00:35,情報,False,low_effort,IzumiKonata,1,False,113,47,1,65,pttcc,sparse,三商系,collision:2905
M.1710495001.A.96C,2905,code,2024-03-15 17:30:01,情報,False,low_effort,q1a1,1,False,67,46,1,20,pttcc,sparse,三商系,collision:2905
M.1578708230.A.631,2905,code,2020-01-11 10:03:50,新聞,False,low_effort,leokuang,1,False,15,13,0,2,pttcc,sparse,三商系,collision:2905
M.1694773444.A.BB2,2905,code,2023-09-15 18:24:04,情報,False,low_effort,q1a1,8,False,17,14,1,2,pttcc,sparse,三商系,collision:2905
M.1656406722.A.DEE,2905,code,2022-06-28 16:58:42,標的,False,high_effort,callhek,1,False,42,30,1,11,pttcc,sparse,三商系,collision:2905
M.1649091651.A.3D8,2905,code,2022-04-05 01:00:51,情報,False,low_effort,Kobe5210,14,False,11,7,1,3,pttcc,sparse,三商系,collision:2905
M.1608518617.A.E1F,2905,code,2020-12-21 10:43:37,標的,True,mid_effort,cacheee,1,False,11,5,0,6,pttcc,sparse,三商系,collision:2905
M.1615278098.A.7E7,2905,code,2021-03-09 16:21:38,標的,False,high_effort,SODisReal,2,False,37,19,1,17,pttcc,sparse,三商系,collision:2905
M.1711621461.A.05F,2905,code,2024-03-28 18:24:21,情報,False,low_effort,temu2015,2,False,48,26,0,22,pttcc,sparse,三商系,collision:2905
M.1684831185.A.EFE,2905,code,2023-05-23 16:39:45,情報,False,low_effort,q1a1,1,False,39,21,1,17,pttcc,sparse,三商系,collision:2905
M.1699947874.A.BEA,2905,code,2023-11-14 15:44:34,情報,False,low_effort,q1a1,1,False,83,60,1,22,pttcc,sparse,三商系,collision:2905
M.1618228955.A.DF5,2905,code,2021-04-12 20:02:35,標的,False,high_effort,TCB006,1,False,36,26,2,8,pttcc,sparse,三商系,collision:2905
M.1692000840.A.B63,2905,code,2023-08-14 16:14:00,情報,False,low_effort,MOMO0478,1,False,39,24,1,14,pttcc,sparse,三商系,collision:2905
M.1596463794.A.EAF,2905,code,2020-08-03 22:09:54,標的,False,high_effort,monkeyking18,1,False,27,18,1,8,pttcc,sparse,三商系,collision:2905
M.1617981662.A.A39,2905,code,2021-04-09 23:21:02,標的,False,high_effort,benny3579,1,False,25,17,0,8,pttcc,sparse,三商系,collision:2905
M.1715328388.A.FBB,2905,code,2024-05-10 16:06:28,情報,False,low_effort,max220,1,False,20,14,0,6,pttcc,sparse,三商系,collision:2905
M.1634209964.A.350,2912,code,2021-10-14 19:12:44,情報,False,low_effort,steveisaman,4,False,5,2,0,3,pttcc,sparse,統一系,collision:2912
M.1702890368.A.30F,2912,code,2023-12-18 17:06:08,情報,False,low_effort,saber50116,7,False,60,42,0,18,pttcc,sparse,統一系,collision:2912
M.1659448976.A.540,2912,code,2022-08-02 22:02:56,情報,False,low_effort,steveisaman,6,False,0,0,0,0,pttcc,sparse,統一系,collision:2912
M.1677149694.A.09E,2912,code,2023-02-23 18:54:54,情報,False,low_effort,q1a1,1,False,49,23,2,24,pttcc,sparse,統一系,collision:2912
M.1582807116.A.E84,2912,code,2020-02-27 20:38:36,新聞,False,low_effort,jenchieh5,1,False,42,26,2,14,pttcc,sparse,統一系,collision:2912
M.1634310197.A.D67,2912,code,2021-10-15 23:03:17,情報,False,low_effort,steveisaman,5,False,9,6,0,3,pttcc,sparse,統一系,collision:2912
M.1609137972.A.4D7,2912,code,2020-12-28 14:46:12,新聞,False,low_effort,tLuesuGi,2,False,142,83,14,45,pttcc,sparse,統一系,collision:2912
M.1645700592.A.6EE,2912,code,2022-02-24 19:03:12,情報,False,low_effort,village0817,1,False,16,8,0,8,pttcc,sparse,統一系,collision:2912
M.1634309568.A.145,2912,code,2021-10-15 22:52:48,情報,False,low_effort,steveisaman,5,False,3,2,0,1,pttcc,sparse,統一系,collision:2912
M.1609055341.A.259,2912,code,2020-12-27 15:49:01,請益,False,mid_effort,koko147,11,False,82,27,2,53,pttcc,sparse,統一系,collision:2912
M.1664269761.A.3A9,2912,code,2022-09-27 17:09:21,情報,False,low_effort,steveisaman,5,False,3,3,0,0,pttcc,sparse,統一系,collision:2912
M.1657876860.A.78D,2912,code,2022-07-15 17:21:00,情報,False,low_effort,steveisaman,5,False,5,3,0,2,pttcc,sparse,統一系,collision:2912
M.1724773893.A.DD6,2912,code,2024-08-27 23:51:33,情報,False,low_effort,steveisaman,4,False,1,1,0,0,pttcc,sparse,統一系,collision:2912
M.1683203975.A.FB5,2912,code,2023-05-04 20:39:35,情報,False,low_effort,steveisaman,3,False,1,1,0,0,pttcc,sparse,統一系,collision:2912
M.1662968619.A.E7A,2912,code,2022-09-12 15:43:39,新聞,False,low_effort,lolic,1,False,1090,464,78,548,pttcc,sparse,統一系,collision:2912
M.1647856583.A.C38,2912,code,2022-03-21 17:56:23,新聞,False,low_effort,nodnarb1027,1,False,224,121,7,96,pttcc,sparse,統一系,collision:2912
M.1653977936.A.CDC,2912,code,2022-05-31 14:18:56,新聞,False,low_effort,village0817,4,False,79,44,2,33,pttcc,sparse,統一系,collision:2912
M.1646219959.A.449,2912,code,2022-03-02 19:19:19,新聞,False,low_effort,cjol,5,False,88,43,17,28,pttcc,sparse,統一系,collision:2912
M.1664185118.A.A4E,2912,code,2022-09-26 17:38:38,情報,False,low_effort,steveisaman,6,False,8,5,1,2,pttcc,sparse,統一系,collision:2912
M.1723217586.A.C2C,2912,code,2024-08-09 23:33:06,情報,False,low_effort,steveisaman,6,False,3,3,0,0,pttcc,sparse,統一系,collision:2912
M.1626943683.A.9B3,6505,code,2021-07-22 16:48:03,情報,False,low_effort,ninaman,3,False,22,18,0,4,pttcc,sparse,台塑系,collision:6505
M.1620639379.A.294,6505,code,2021-05-10 17:36:19,情報,False,low_effort,steveisaman,7,False,17,13,0,4,pttcc,sparse,台塑系,collision:6505
M.1712139684.A.794,6505,name,2024-04-03 18:21:24,情報,False,low_effort,q1a1,8,False,13,7,0,6,pttcc,sparse,台塑系,collision:6505
M.1731079393.A.C27,6505,name,2024-11-08 23:23:13,情報,False,low_effort,q1a1,7,False,5,2,0,3,pttcc,sparse,台塑系,collision:6505
M.1626861914.A.708,6505,name,2021-07-21 18:05:14,情報,False,low_effort,shuweition,4,False,194,138,6,50,pttcc,sparse,台塑系,collision:6505
M.1735049425.A.1F3,6505,name,2024-12-24 22:10:25,新聞,False,low_effort,nodgdi,3,False,193,94,11,88,pttcc,sparse,台塑系,collision:6505
M.1708341474.A.EF6,6505,name,2024-02-19 19:17:54,新聞,False,low_effort,ilovecat5566,2,False,90,52,6,32,pttcc,sparse,台塑系,collision:6505
M.1711733212.A.4A5,6505,code,2024-03-30 01:26:52,標的,False,high_effort,drwashing,3,False,63,24,21,18,pttcc,sparse,台塑系,collision:6505
M.1622800946.A.3C2,6505,code,2021-06-04 18:02:26,情報,False,low_effort,steveisaman,4,False,2,1,1,0,pttcc,sparse,台塑系,collision:6505
M.1711940203.A.764,6505,name,2024-04-01 10:56:43,新聞,False,low_effort,IzumiKonata,2,False,21,12,0,9,pttcc,sparse,台塑系,collision:6505
M.1650012821.A.66F,6505,code,2022-04-15 16:53:41,心得,False,mid_effort,Ox0bb,14,False,182,141,11,30,pttcc,sparse,台塑系,collision:6505
M.1734083451.A.C16,6505,code,2024-12-13 17:50:51,新聞,False,low_effort,pqpqpqpq,5,False,112,63,8,41,pttcc,sparse,台塑系,collision:6505
M.1720323297.A.846,6505,code,2024-07-07 11:34:57,新聞,False,low_effort,DamnDre,3,False,161,92,10,59,pttcc,sparse,台塑系,collision:6505
M.1692538417.A.DFD,6505,code,2023-08-20 21:33:37,標的,True,mid_effort,ERP2,2,False,126,78,3,45,pttcc,sparse,台塑系,collision:6505
M.1647254031.A.51C,6505,name,2022-03-14 18:33:51,情報,False,low_effort,addy7533967,7,False,36,29,0,7,pttcc,sparse,台塑系,collision:6505
M.1720788450.A.6BD,6505,name,2024-07-12 20:47:30,新聞,False,low_effort,ilovecat5566,12,False,43,29,1,13,pttcc,sparse,台塑系,collision:6505
M.1726408273.A.4B7,6505,name,2024-09-15 21:51:13,新聞,False,low_effort,kof70380,1,False,56,32,7,17,pttcc,sparse,台塑系,collision:6505
M.1633491990.A.BA2,6505,name,2021-10-06 11:46:30,新聞,False,low_effort,paulnorton4,6,False,62,23,23,16,pttcc,sparse,台塑系,collision:6505
M.1625623668.A.A15,6505,name,2021-07-07 10:07:48,新聞,False,low_effort,HollisterCo,1,False,20,10,2,8,pttcc,sparse,台塑系,collision:6505
M.1684332420.A.C56,6505,code,2023-05-17 22:07:00,情報,False,low_effort,steveisaman,5,False,11,10,0,1,pttcc,sparse,台塑系,collision:6505
M.1687945071.A.E6F,6790,name_with_context,2023-06-28 17:37:51,新聞,False,low_effort,cl3bp6,2,False,7,1,1,5,pttcc,sparse,永豐系,collision:6790
M.1675238678.A.92F,6790,code,2023-02-01 16:04:38,標的,False,high_effort,a0808996,1,False,65,53,2,10,pttcc,sparse,永豐系,collision:6790
M.1694509597.A.725,6790,name_with_context,2023-09-12 17:06:37,新聞,False,low_effort,qwe22992168,2,False,62,38,3,21,pttcc,sparse,永豐系,collision:6790
M.1707991069.A.B90,6790,code,2024-02-15 17:57:49,情報,False,low_effort,JIWP,1,False,9,7,0,2,pttcc,sparse,永豐系,collision:6790
M.1712728214.A.D5F,6790,code,2024-04-10 13:50:14,情報,False,low_effort,a0808996,1,False,26,19,0,7,pttcc,sparse,永豐系,collision:6790
M.1701093324.A.05C,6790,code,2023-11-27 21:55:24,新聞,False,low_effort,kkbox0800,2,False,13,7,0,6,pttcc,sparse,永豐系,collision:6790
M.1698305472.A.56A,6790,code,2023-10-26 15:31:12,新聞,False,low_effort,qpmmpq,4,False,18,11,1,6,pttcc,sparse,永豐系,collision:6790
M.1691648452.A.AFD,6790,code,2023-08-10 14:20:52,情報,False,low_effort,a0808996,1,False,15,14,0,1,pttcc,sparse,永豐系,collision:6790
M.1603773281.A.826,6790,code,2020-10-27 12:34:41,新聞,False,low_effort,qwa317,2,False,53,38,2,13,pttcc,sparse,永豐系,collision:6790
M.1702276503.A.D8D,6790,code,2023-12-11 14:35:03,情報,False,low_effort,a0808996,1,False,19,16,0,3,pttcc,sparse,永豐系,collision:6790
M.1605522059.A.2AC,6790,name_with_context,2020-11-16 18:20:59,新聞,False,low_effort,rabbit542254,2,False,38,24,0,14,pttcc,sparse,永豐系,collision:6790
M.1683784712.A.8EA,6790,code,2023-05-11 13:58:32,情報,False,low_effort,max220,1,False,32,21,0,11,pttcc,sparse,永豐系,collision:6790
M.1622200160.A.D04,6790,code,2021-05-28 19:09:20,新聞,False,low_effort,otice007,3,False,25,17,1,7,pttcc,sparse,永豐系,collision:6790
M.1686549086.A.2CE,6790,code,2023-06-12 13:51:26,情報,False,low_effort,max220,1,False,8,6,1,1,pttcc,sparse,永豐系,collision:6790
M.1708058870.A.634,6790,code,2024-02-16 12:47:50,新聞,False,low_effort,wiggins510,1,False,14,14,0,0,pttcc,sparse,永豐系,collision:6790
M.1691066976.A.340,6790,code,2023-08-03 20:49:36,新聞,False,low_effort,DamnDre,2,False,47,29,2,16,pttcc,sparse,永豐系,collision:6790
M.1644234807.A.F09,6790,name_with_context,2022-02-07 19:53:27,新聞,False,low_effort,JessVeron,3,False,100,63,4,33,pttcc,sparse,永豐系,collision:6790
M.1619711975.A.6E2,6790,code,2021-04-29 23:59:35,新聞,False,low_effort,david810205,2,False,11,7,0,4,pttcc,sparse,永豐系,collision:6790
M.1710315133.A.A4C,6790,code,2024-03-13 15:32:13,情報,False,low_effort,a0808996,1,False,42,30,1,11,pttcc,sparse,永豐系,collision:6790
M.1678773227.A.0F9,6790,code,2023-03-14 13:53:47,情報,False,low_effort,One102bird,1,False,16,8,1,7,pttcc,sparse,永豐系,collision:6790
M.1666605385.A.411,2308,code,2022-10-24 17:56:25,情報,False,low_effort,steveisaman,4,False,3,3,0,0,pttcc,dense,,mode:code
M.1713582916.A.BDF,2330,code,2024-04-20 11:15:16,新聞,False,low_effort,boards,1,False,379,122,22,235,pttcc,dense,,mode:code
M.1617100949.A.B2B,1102,code,2021-03-30 18:42:29,其他,False,unclassified,Mike1995,3,False,11,8,1,2,pttcc,sparse,,mode:code
M.1700840909.A.1EC,1402,code,2023-11-24 23:48:29,新聞,False,low_effort,DrowningPool,5,False,139,39,63,37,pttcc,sparse,,mode:code
M.1610344336.A.0C2,2603,code,2021-01-11 13:52:16,新聞,True,low_effort,j8xx,2,False,27,10,4,13,pttcc,dense,長榮系,mode:code
M.1662374095.A.A73,2208,code,2022-09-05 18:34:55,新聞,False,low_effort,intelb06385,2,False,111,34,7,70,pttcc,sparse,,mode:code
M.1613017723.A.582,2317,code,2021-02-11 12:28:43,新聞,False,low_effort,Reewalker,1,False,52,31,3,18,pttcc,dense,,mode:code
M.1682599744.A.3EF,1301,code,2023-04-27 20:49:04,情報,False,low_effort,steveisaman,4,False,0,0,0,0,pttcc,dense,台塑系,mode:code
M.1641520315.A.2E4,1313,code,2022-01-07 09:51:55,新聞,False,low_effort,rubberking,2,False,6,2,1,3,pttcc,sparse,,mode:code
M.1636642668.A.1B9,1783,code,2021-11-11 22:57:48,情報,False,low_effort,luz940401,9,False,2,2,0,0,pttcc,sparse,,mode:code
M.1614859925.A.AC1,2002,code,2021-03-04 20:12:05,新聞,False,low_effort,Rin5566,8,False,156,93,15,48,pttcc,dense,中鋼系,mode:code
M.1683724618.A.863,2610,code,2023-05-10 21:16:58,情報,False,low_effort,steward135,3,False,15,8,1,6,pttcc,dense,,mode:code
M.1666008123.A.7B9,2317,code,2022-10-17 20:02:03,情報,False,low_effort,steveisaman,6,False,3,2,0,1,pttcc,dense,,mode:code
M.1723735420.A.797,2609,code,2024-08-15 23:23:40,情報,False,low_effort,steveisaman,4,False,3,3,0,0,pttcc,dense,,mode:code
M.1721128178.A.5F5,1413,code,2024-07-16 19:09:38,情報,False,low_effort,q1a1,5,False,18,12,2,4,pttcc,sparse,,mode:code
M.1702384779.A.E29,2603,code,2023-12-12 20:39:39,情報,False,low_effort,steveisaman,4,False,1,1,0,0,pttcc,dense,長榮系,mode:code
M.1714489202.A.83D,2308,code,2024-04-30 23:00:02,情報,False,low_effort,steveisaman,5,False,2,2,0,0,pttcc,dense,,mode:code
M.1685968835.A.EE0,2409,code,2023-06-05 20:40:35,情報,False,low_effort,steveisaman,5,False,5,4,0,1,pttcc,dense,,mode:code
M.1663936483.A.155,2603,code,2022-09-23 20:34:43,情報,False,low_effort,addy7533967,11,False,50,29,0,21,pttcc,dense,長榮系,mode:code
M.1638381889.A.3B7,1711,code,2021-12-02 02:04:49,情報,False,low_effort,luz940401,9,False,1,1,0,0,pttcc,sparse,,mode:code
M.1698755852.A.349,1519,code,2023-10-31 20:37:32,情報,False,low_effort,steveisaman,4,False,0,0,0,0,pttcc,sparse,,mode:code
M.1711120971.A.EE4,2308,code,2024-03-22 23:22:51,情報,False,low_effort,steveisaman,4,False,7,3,0,4,pttcc,dense,,mode:code
M.1634650782.A.130,2344,code,2021-10-19 21:39:42,情報,False,low_effort,steward135,12,False,72,43,4,25,pttcc,dense,,mode:code
M.1662344233.A.DCE,2330,code,2022-09-05 10:17:13,新聞,False,low_effort,bamama56,1,False,72,39,9,24,pttcc,dense,,mode:code
M.1731041856.A.541,2727,code,2024-11-08 12:57:36,新聞,False,low_effort,addy7533967,1,False,11,4,2,5,pttcc,sparse,,mode:code
M.1613960592.A.352,2338,code,2021-02-22 10:23:12,標的,True,mid_effort,drgon,1,False,104,91,0,13,pttcc,sparse,,mode:code
M.1649091651.A.3D8,8454,code,2022-04-05 01:00:51,情報,False,low_effort,Kobe5210,14,False,11,7,1,3,pttcc,sparse,,mode:code
M.1650454070.A.536,1760,code,2022-04-20 19:27:50,請益,False,mid_effort,alanbank,1,False,71,30,8,33,pttcc,sparse,,mode:code
M.1707126330.A.699,2327,code,2024-02-05 17:45:30,情報,False,low_effort,jerrylin,1,False,36,24,0,12,pttcc,dense,,mode:code
M.1596788933.A.2D4,2367,code,2020-08-07 16:28:53,新聞,False,low_effort,gothmog,7,False,87,44,11,32,pttcc,sparse,,mode:code
M.1686660552.A.9AD,2801,code,2023-06-13 20:49:12,情報,False,low_effort,steveisaman,4,False,3,2,0,1,pttcc,sparse,,mode:code
M.1710939930.A.590,2317,code,2024-03-20 21:05:30,標的,True,mid_effort,koko147,2,False,26,17,4,5,pttcc,dense,,mode:code
M.1720685219.A.BA3,2762,code,2024-07-11 16:06:59,情報,False,low_effort,qazsedcft,1,False,23,14,1,8,pttcc,silent,,mode:code
M.1641306598.A.B67,2330,code,2022-01-04 22:29:58,新聞,False,low_effort,icedog122,1,False,137,74,18,45,pttcc,dense,,mode:code
M.1696984108.A.8B5,2338,code,2023-10-11 08:28:28,情報,False,low_effort,CokeCake,1,False,11,8,0,3,pttcc,sparse,,mode:code
M.1622982399.A.2A3,2409,code,2021-06-06 20:26:39,標的,False,high_effort,mancuteboy,1,False,108,55,23,30,pttcc,dense,,mode:code
M.1655891101.A.F67,2317,code,2022-06-22 17:45:01,情報,False,low_effort,steveisaman,8,False,8,5,1,2,pttcc,dense,,mode:code
M.1672241911.A.499,2723,code,2022-12-28 23:38:31,情報,False,low_effort,steveisaman,6,False,2,1,1,0,pttcc,sparse,,mode:code
M.1611475350.A.153,2303,code,2021-01-24 16:02:30,標的,False,high_effort,pmdrt,1,False,83,49,7,27,pttcc,dense,,mode:code
M.1673273370.A.58A,1731,code,2023-01-09 22:09:30,情報,False,low_effort,tooth9,2,False,4,1,0,3,pttcc,sparse,,mode:code
M.1719117530.A.1AD,2317,code,2024-06-23 12:38:50,心得,True,mid_effort,TroyeSivan,1,False,311,143,49,119,pttcc,dense,,mode:code
M.1725940720.A.9BA,2313,code,2024-09-10 11:58:40,標的,True,mid_effort,tamama000,1,False,6,2,1,3,pttcc,sparse,,mode:code
M.1709309226.A.82E,3708,code,2024-03-02 00:07:06,情報,False,low_effort,steveisaman,4,False,3,3,0,0,pttcc,sparse,,mode:code
M.1631023991.A.3EA,2337,code,2021-09-07 22:13:11,情報,False,low_effort,steveisaman,2,False,11,8,0,3,pttcc,sparse,,mode:code
M.1715163542.A.92C,2603,code,2024-05-08 18:19:02,情報,False,low_effort,BlueBird5566,1,False,235,147,6,82,pttcc,dense,長榮系,mode:code
M.1637321773.A.67D,2610,code,2021-11-19 19:36:13,標的,False,high_effort,KAKAKA5566,1,False,138,99,3,36,pttcc,dense,,mode:code
M.1732543362.A.1C0,2312,code,2024-11-25 22:02:42,情報,False,low_effort,steveisaman,1,False,0,0,0,0,pttcc,sparse,,mode:code
M.1726754136.A.210,2317,code,2024-09-19 21:55:36,新聞,False,low_effort,cjol,1,False,39,25,1,13,pttcc,dense,,mode:code
M.1648819108.A.B35,2603,code,2022-04-01 21:18:28,情報,False,low_effort,steward135,7,False,44,30,2,12,pttcc,dense,長榮系,mode:code
M.1622724924.A.E44,2409,code,2021-06-03 20:55:24,情報,False,low_effort,steward135,9,False,150,112,5,33,pttcc,dense,,mode:code
M.1596338558.A.931,2330,name,2020-08-02 11:22:38,新聞,False,low_effort,qwe22992168,1,False,255,121,32,102,pttcc,dense,,mode:name
M.1630661072.A.C97,2330,name,2021-09-03 17:24:32,新聞,False,low_effort,cuteSquirrel,1,False,35,25,1,9,pttcc,dense,,mode:name
M.1730360915.A.B29,2330,name,2024-10-31 15:48:35,新聞,False,low_effort,ggian123,1,False,47,18,15,14,pttcc,dense,,mode:name
M.1733755987.A.693,2344,name,2024-12-09 22:53:07,情報,False,low_effort,q1a1,8,False,3,1,1,1,pttcc,dense,,mode:name
M.1701764940.A.8E9,2330,name,2023-12-05 16:29:00,新聞,False,low_effort,energy183,1,False,14,7,0,7,pttcc,dense,,mode:name
M.1660213278.A.F37,1513,name,2022-08-11 18:21:18,情報,False,low_effort,addy7533967,6,False,19,15,0,4,pttcc,sparse,,mode:name
M.1665902275.A.331,2330,name,2022-10-16 14:37:55,新聞,True,low_effort,vm4m06,1,False,239,46,2,191,pttcc,dense,,mode:name
M.1604591792.A.EA1,2330,name,2020-11-05 23:56:32,標的,False,high_effort,blizzaro,1,False,130,74,6,50,pttcc,dense,,mode:name
M.1657934728.A.1EA,2330,name,2022-07-16 09:25:28,新聞,False,low_effort,b19880115,1,False,160,82,11,67,pttcc,dense,,mode:name
M.1657243679.A.953,2330,name,2022-07-08 09:27:59,新聞,False,low_effort,jc761128,1,False,13,8,2,3,pttcc,dense,,mode:name
M.1620978555.A.68A,2330,name,2021-05-14 15:49:15,請益,True,mid_effort,waitrop,1,False,13,5,2,6,pttcc,dense,,mode:name
M.1616630232.A.322,2330,name,2021-03-25 07:57:12,其他,False,unclassified,gothmog,1,False,231,143,42,46,pttcc,dense,,mode:name
M.1704363051.A.948,2344,name,2024-01-04 18:10:51,情報,False,low_effort,q1a1,9,False,30,20,1,9,pttcc,dense,,mode:name
M.1609253767.A.CE0,1907,name,2020-12-29 22:56:07,新聞,False,low_effort,yipi1357,1,False,31,12,4,15,pttcc,sparse,永豐系,mode:name
M.1703839136.A.EA0,3028,name,2023-12-29 16:38:56,心得,False,mid_effort,sdfsonic,5,False,33,23,0,10,pttcc,sparse,,mode:name
M.1599125563.A.5A0,1513,name,2020-09-03 17:32:43,新聞,False,low_effort,rtyue,1,False,35,13,0,22,pttcc,sparse,,mode:name
M.1661955377.A.A87,2330,name,2022-08-31 22:16:17,新聞,False,low_effort,GMTB,1,False,21,9,2,10,pttcc,dense,,mode:name
M.1651228908.A.EA5,2344,name,2022-04-29 18:41:48,情報,False,low_effort,addy7533967,4,False,26,18,2,6,pttcc,dense,,mode:name
M.1602399922.A.536,2330,name,2020-10-11 15:05:22,新聞,False,low_effort,Westbrook,1,False,180,77,47,56,pttcc,dense,,mode:name
M.1585663380.A.348,2330,name,2020-03-31 22:03:00,新聞,False,low_effort,mariojeko,1,False,88,51,11,26,pttcc,dense,,mode:name
M.1732669208.A.B9C,2330,name,2024-11-27 09:00:08,新聞,True,low_effort,DDHOWDA,1,False,32,4,11,17,pttcc,dense,,mode:name
M.1698228787.A.CC2,2427,name,2023-10-25 18:13:07,情報,False,low_effort,q1a1,10,False,20,14,1,5,pttcc,sparse,三商系,mode:name
M.1614250320.A.F75,2812,name,2021-02-25 18:52:00,新聞,False,low_effort,f204137,1,False,69,52,2,15,pttcc,sparse,,mode:name
M.1637750744.A.AD7,2344,name,2021-11-24 18:45:44,情報,False,low_effort,shuweition,4,False,60,47,1,12,pttcc,dense,,mode:name
M.1623131277.A.2FE,2308,name,2021-06-08 13:47:57,新聞,False,low_effort,Rin5566,9,False,144,59,54,31,pttcc,dense,,mode:name
M.1638950151.A.B0A,2330,name,2021-12-08 15:55:51,標的,True,mid_effort,Maxslack,1,False,6,2,0,4,pttcc,dense,,mode:name
M.1666866765.A.B66,2812,name,2022-10-27 18:32:45,情報,False,low_effort,addy7533967,9,False,12,10,1,1,pttcc,sparse,,mode:name
M.1659914173.A.26B,2330,name,2022-08-08 07:16:13,新聞,False,low_effort,cjol,1,False,66,43,1,22,pttcc,dense,,mode:name
M.1628468951.A.4C8,2330,name,2021-08-09 08:29:11,新聞,False,low_effort,s3z15a3z15a,1,False,68,48,3,17,pttcc,dense,,mode:name
M.1708585335.A.61F,2330,name,2024-02-22 15:02:15,新聞,False,low_effort,sua,1,False,79,49,2,28,pttcc,dense,,mode:name
M.1723884748.A.34C,6869,name,2024-08-17 16:52:28,請益,True,mid_effort,kazukazu22,1,False,41,13,5,23,pttcc,sparse,,mode:name
M.1594310468.A.DCC,2330,name,2020-07-10 00:01:08,新聞,False,low_effort,icedog122,3,False,85,55,6,24,pttcc,dense,,mode:name
M.1730733003.A.CE7,2330,name,2024-11-04 23:10:03,情報,False,low_effort,q1a1,4,False,8,5,0,3,pttcc,dense,,mode:name
M.1715684930.A.1CA,1522,name,2024-05-14 19:08:50,情報,False,low_effort,q1a1,8,False,33,23,1,9,pttcc,sparse,,mode:name
M.1610705203.A.675,2330,name,2021-01-15 18:06:43,其他,False,unclassified,mikumywife,1,False,123,52,28,43,pttcc,dense,,mode:name
M.1729056199.A.9FD,2330,name,2024-10-16 13:23:19,新聞,False,low_effort,August2006,3,False,377,161,60,156,pttcc,dense,,mode:name
M.1611124171.A.DFD,2330,name,2021-01-20 14:29:31,標的,True,mid_effort,lulu20917,1,False,73,36,6,31,pttcc,dense,,mode:name
M.1701943989.A.5B0,2330,name,2023-12-07 18:13:09,情報,False,low_effort,q1a1,5,False,17,10,2,5,pttcc,dense,,mode:name
M.1583254164.A.B9F,2330,name,2020-03-04 00:49:24,心得,True,mid_effort,ttmb,1,False,150,56,12,82,pttcc,dense,,mode:name
M.1614060003.A.F4A,2330,name,2021-02-23 14:00:03,閒聊,False,low_effort,vendan5566,4,False,1495,918,88,489,pttcc,dense,,mode:name
M.1633347062.A.46B,1304,name,2021-10-04 19:31:02,情報,False,low_effort,zorro0555,5,False,66,44,0,22,pttcc,sparse,台亞台聚,mode:name
M.1611447750.A.F0B,2330,name,2021-01-24 08:22:30,新聞,False,low_effort,id520,1,False,600,284,122,194,pttcc,dense,,mode:name
M.1669217732.A.A19,2330,name,2022-11-23 23:35:32,新聞,False,low_effort,DrowningPool,1,False,215,72,60,83,pttcc,dense,,mode:name
M.1600611609.A.BA2,2330,name,2020-09-20 22:20:09,心得,False,mid_effort,alanwon,1,False,115,57,11,47,pttcc,dense,,mode:name
M.1656911472.A.24F,2330,name,2022-07-04 13:11:12,標的,True,mid_effort,S9125126,1,False,33,19,1,13,pttcc,dense,,mode:name
M.1623151887.A.553,2330,name,2021-06-08 19:31:27,請益,False,mid_effort,dhn,1,False,37,18,9,10,pttcc,dense,,mode:name
M.1582129776.A.8FD,2330,name,2020-02-20 00:29:36,新聞,True,low_effort,easyman,1,False,46,16,0,30,pttcc,dense,,mode:name
M.1721407019.A.907,2330,name,2024-07-20 00:36:59,新聞,True,low_effort,huabandd,1,False,32,10,1,21,pttcc,dense,,mode:name
M.1705478886.A.B80,2330,name,2024-01-17 16:08:06,心得,True,mid_effort,peter080808,1,False,70,38,6,26,pttcc,dense,,mode:name
M.1584533453.A.1FF,2330,name,2020-03-18 20:10:53,新聞,False,low_effort,phcebus,1,False,531,351,28,152,pttcc,dense,,mode:name
M.1690867410.A.5E3,2002,name_with_context,2023-08-01 13:23:30,新聞,False,low_effort,yakimochi,6,False,33,20,2,11,pttcc,dense,中鋼系,mode:name_with_context
M.1631887678.A.D4C,1102,name_with_context,2021-09-17 22:07:58,心得,False,mid_effort,aulau,3,False,109,55,3,51,pttcc,sparse,,mode:name_with_context
M.1590831690.A.7B6,1301,name_with_context,2020-05-30 17:41:30,請益,True,mid_effort,ceca,4,False,186,119,18,49,pttcc,dense,台塑系,mode:name_with_context
M.1690178402.A.134,2329,name_with_context,2023-07-24 14:00:02,閒聊,False,low_effort,vendan5566,2,False,1495,572,89,834,pttcc,sparse,,mode:name_with_context
M.1721211999.A.FB3,2317,name_with_context,2024-07-17 18:26:39,標的,False,high_effort,TroyeSivan,3,False,63,30,16,17,pttcc,dense,,mode:name_with_context
M.1685599202.A.11B,2323,name_with_context,2023-06-01 14:00:02,閒聊,False,low_effort,vendan5566,3,False,1496,728,161,607,pttcc,dense,,mode:name_with_context
M.1715320802.A.0D4,2609,name_with_context,2024-05-10 14:00:02,閒聊,False,low_effort,laptic,4,False,1491,724,97,670,pttcc,dense,,mode:name_with_context
M.1690154650.A.635,2354,name_with_context,2023-07-24 07:24:10,新聞,False,low_effort,dalyadam,6,False,69,36,13,20,pttcc,sparse,,mode:name_with_context
M.1585218234.A.E48,2317,name_with_context,2020-03-26 18:23:54,新聞,False,low_effort,gothmog,2,False,37,22,4,11,pttcc,dense,,mode:name_with_context
M.1718624183.A.5E5,2313,name_with_context,2024-06-17 19:36:23,情報,False,low_effort,q1a1,8,False,42,32,2,8,pttcc,sparse,,mode:name_with_context
M.1620882908.A.F34,2609,name_with_context,2021-05-13 13:15:08,請益,False,mid_effort,unique681,1,False,50,31,2,17,pttcc,dense,,mode:name_with_context
M.1718949608.A.5B5,2438,name_with_context,2024-06-21 14:00:08,閒聊,False,low_effort,laptic,7,False,1489,625,112,752,pttcc,sparse,,mode:name_with_context
M.1620016509.A.B22,2607,name_with_context,2021-05-03 12:35:09,請益,False,mid_effort,magicbook123,2,False,134,83,16,35,pttcc,sparse,,mode:name_with_context
M.1634013330.A.F89,2327,name_with_context,2021-10-12 12:35:30,心得,False,mid_effort,paulnorton4,1,False,226,118,48,60,pttcc,dense,,mode:name_with_context
M.1649258756.A.FFC,2610,name_with_context,2022-04-06 23:25:56,新聞,True,low_effort,Appleaday,10,False,32,11,1,20,pttcc,dense,,mode:name_with_context
M.1629112710.A.AD8,2609,name_with_context,2021-08-16 19:18:30,新聞,False,low_effort,DamnDre,3,False,245,135,45,65,pttcc,dense,,mode:name_with_context
M.1597897311.A.DE9,1904,name_with_context,2020-08-20 12:21:51,標的,False,high_effort,rape5566,3,False,22,16,2,4,pttcc,sparse,,mode:name_with_context
M.1693217887.A.33B,2610,name_with_context,2023-08-28 18:18:07,情報,False,low_effort,q1a1,6,False,40,30,4,6,pttcc,dense,,mode:name_with_context
M.1661655070.A.59E,2801,name_with_context,2022-08-28 10:51:10,新聞,False,low_effort,xephon,5,False,55,32,5,18,pttcc,sparse,,mode:name_with_context
M.1608173161.A.93B,2303,name_with_context,2020-12-17 10:46:01,心得,True,mid_effort,sdhpipt,2,False,3,0,1,2,pttcc,dense,,mode:name_with_context
M.1649351093.A.428,2317,name_with_context,2022-04-08 01:04:53,新聞,False,low_effort,dalyadam,5,False,44,20,13,11,pttcc,dense,,mode:name_with_context
M.1634200386.A.31A,2409,name_with_context,2021-10-14 16:33:06,請益,False,mid_effort,Arim,1,False,75,44,4,27,pttcc,dense,,mode:name_with_context
M.1619416802.A.7E2,2610,name_with_context,2021-04-26 14:00:02,閒聊,False,low_effort,WolFDragoN,4,False,1492,718,62,712,pttcc,dense,,mode:name_with_context
M.1731477604.A.195,2312,name_with_context,2024-11-13 14:00:04,閒聊,False,low_effort,laptic,3,False,1489,765,74,650,pttcc,sparse,,mode:name_with_context
M.1609740002.A.509,2303,name_with_context,2021-01-04 14:00:02,閒聊,False,low_effort,vendan5566,4,False,1496,832,105,559,pttcc,dense,,mode:name_with_context
M.1690524002.A.B72,2329,name_with_context,2023-07-28 14:00:02,閒聊,False,low_effort,vendan5566,4,False,1496,772,116,608,pttcc,sparse,,mode:name_with_context
M.1715506639.A.234,2317,name_with_context,2024-05-12 17:37:19,新聞,True,low_effort,kensmile,3,False,95,51,11,33,pttcc,dense,,mode:name_with_context
M.1621666590.A.FA5,2609,name_with_context,2021-05-22 14:56:30,新聞,False,low_effort,nextpls,2,False,136,52,31,53,pttcc,dense,,mode:name_with_context
M.1627148501.A.41D,1102,name_with_context,2021-07-25 01:41:41,請益,False,mid_effort,abc7119842,1,False,116,72,3,41,pttcc,sparse,,mode:name_with_context
M.1697937715.A.4D8,1319,name_with_context,2023-10-22 09:21:55,標的,False,high_effort,shain3,2,False,32,13,1,18,pttcc,sparse,,mode:name_with_context
M.1615872546.A.FA6,2002,name_with_context,2021-03-16 13:29:06,新聞,True,low_effort,lelu,8,False,26,13,0,13,pttcc,dense,中鋼系,mode:name_with_context
M.1619558426.A.A17,2603,name_with_context,2021-04-28 05:20:26,請益,False,mid_effort,SIMMOS,1,False,75,27,4,44,pttcc,dense,長榮系,mode:name_with_context
M.1612318365.A.105,2327,name_with_context,2021-02-03 10:12:45,新聞,False,low_effort,JRanDer,6,False,26,15,1,10,pttcc,dense,,mode:name_with_context
M.1619406226.A.385,2610,name_with_context,2021-04-26 11:03:46,新聞,True,low_effort,TsukimiyaAyu,1,False,29,14,3,12,pttcc,dense,,mode:name_with_context
M.1626788235.A.64E,2014,name_with_context,2021-07-20 21:37:15,心得,True,mid_effort,CLucci,7,False,141,65,10,66,pttcc,sparse,中鋼系,mode:name_with_context
M.1628096435.A.CE9,2609,name_with_context,2021-08-05 01:00:35,心得,True,mid_effort,Maersk,1,False,262,162,3,97,pttcc,dense,,mode:name_with_context
M.1637840983.A.9F9,2338,name_with_context,2021-11-25 19:49:43,標的,False,high_effort,arziluth,1,False,19,11,2,6,pttcc,sparse,,mode:name_with_context
M.1632583100.A.976,2606,name_with_context,2021-09-25 23:18:20,新聞,False,low_effort,bat205,4,False,419,242,83,94,pttcc,sparse,,mode:name_with_context
M.1633568045.A.C6F,1810,name_with_context,2021-10-07 08:54:05,新聞,False,low_effort,if2,1,False,25,13,1,11,pttcc,sparse,,mode:name_with_context
M.1685512802.A.452,2610,name_with_context,2023-05-31 14:00:02,閒聊,False,low_effort,vendan5566,2,False,1496,735,142,619,pttcc,dense,,mode:name_with_context
M.1651125603.A.57D,1219,name_with_context,2022-04-28 14:00:03,閒聊,False,low_effort,laptic,5,False,1494,747,122,625,pttcc,sparse,,mode:name_with_context
M.1711605602.A.BCA,2354,name_with_context,2024-03-28 14:00:02,閒聊,False,low_effort,vendan5566,3,False,1495,735,102,658,pttcc,sparse,,mode:name_with_context
M.1706696575.A.1F8,2317,name_with_context,2024-01-31 18:22:55,請益,False,mid_effort,f830514,2,False,141,76,4,61,pttcc,dense,,mode:name_with_context
M.1646784086.A.657,2317,name_with_context,2022-03-09 08:01:26,新聞,False,low_effort,cjol,7,False,23,15,0,8,pttcc,dense,,mode:name_with_context
M.1588589166.A.01B,2337,name_with_context,2020-05-04 18:46:06,新聞,False,low_effort,gothmog,8,False,50,30,2,18,pttcc,sparse,,mode:name_with_context
M.1733984611.A.DE6,1536,name_with_context,2024-12-12 14:23:31,請益,True,mid_effort,capssan,1,False,30,17,0,13,pttcc,sparse,,mode:name_with_context
M.1625661101.A.00D,1909,name_with_context,2021-07-07 20:31:41,新聞,False,low_effort,TT991,7,False,129,78,17,34,pttcc,sparse,,mode:name_with_context
M.1619687326.A.098,2609,name_with_context,2021-04-29 17:08:46,其他,True,unclassified,CleanSpurs,3,False,20,10,4,6,pttcc,dense,,mode:name_with_context
M.1621843478.A.CA7,1101,name_with_context,2021-05-24 16:04:38,請益,False,mid_effort,Gazooli,1,False,38,15,6,17,pttcc,dense,,mode:name_with_context
M.1724948027.A.A57,2317,name_with_context,2024-08-30 00:13:47,新聞,False,low_effort,tigeryugo,3,False,57,25,2,30,pttcc,dense,,mode:name_with_context
M.1629879765.A.8BD,2344,code,2021-08-25 16:22:45,情報,False,low_effort,village0817,28,True,112,82,3,27,pttcc,dense,,bulk
M.1704437721.A.68E,3036,code,2024-01-05 14:55:21,情報,False,low_effort,saber50116,19,True,25,19,0,6,pttcc,sparse,,bulk
M.1728889565.A.53A,2059,code,2024-10-14 15:06:05,情報,False,low_effort,saber50116,23,True,14,10,1,3,pttcc,sparse,,bulk
M.1709625898.A.C87,2609,code,2024-03-05 16:04:58,情報,False,low_effort,paidzou,23,True,89,71,1,17,pttcc,dense,,bulk
M.1624031554.A.373,1301,code,2021-06-18 23:52:34,情報,False,low_effort,justin531xx,18,True,87,55,7,25,pttcc,dense,台塑系,bulk
M.1729494271.A.EBC,1522,code,2024-10-21 15:04:31,情報,False,low_effort,saber50116,30,True,36,17,3,16,pttcc,sparse,,bulk
M.1626245547.A.E19,2337,code,2021-07-14 14:52:27,情報,False,low_effort,shuweition,27,True,130,80,18,32,pttcc,sparse,,bulk
M.1692088796.A.F64,2610,code,2023-08-15 16:39:56,情報,False,low_effort,saber50116,26,True,99,70,7,22,pttcc,dense,,bulk
M.1677740245.A.0D1,1301,code,2023-03-02 14:57:25,情報,False,low_effort,saber50116,30,True,35,30,1,4,pttcc,dense,台塑系,bulk
M.1697526003.A.426,2330,code,2023-10-17 15:00:03,情報,False,low_effort,saber50116,22,True,58,40,3,15,pttcc,dense,,bulk
M.1624603953.A.E71,2606,code,2021-06-25 14:52:33,情報,False,low_effort,shuweition,31,True,84,50,3,31,pttcc,sparse,,bulk
M.1642056570.A.BE1,2610,code,2022-01-13 14:49:30,情報,False,low_effort,shuweition,28,True,92,66,3,23,pttcc,dense,,bulk
M.1600769288.A.5F9,1904,code,2020-09-22 18:08:08,其他,False,unclassified,Kobe5210,33,True,73,52,3,18,pttcc,sparse,,bulk
M.1725264328.A.430,1301,code,2024-09-02 16:05:28,情報,False,low_effort,paidzou,25,True,85,63,5,17,pttcc,dense,台塑系,bulk
M.1661242018.A.D97,2002,code,2022-08-23 16:06:58,情報,False,low_effort,saber50116,30,True,61,48,1,12,pttcc,dense,中鋼系,bulk
M.1714719398.A.E57,1605,code,2024-05-03 14:56:38,情報,False,low_effort,paidzou,28,True,73,56,0,17,pttcc,sparse,華新系,bulk
M.1716451553.A.51D,2303,code,2024-05-23 16:05:53,情報,False,low_effort,paidzou,27,True,135,99,3,33,pttcc,dense,,bulk
M.1684138163.A.D1E,2427,code,2023-05-15 16:09:23,情報,False,low_effort,saber50116,34,True,61,52,0,9,pttcc,sparse,三商系,bulk
M.1623228229.A.562,2610,code,2021-06-09 16:43:49,情報,True,low_effort,tcuplayer,38,True,73,49,1,23,pttcc,dense,,bulk
M.1695883989.A.0BC,2317,code,2023-09-28 14:53:09,情報,False,low_effort,saber50116,20,True,51,38,3,10,pttcc,dense,,bulk
M.1631862525.A.92F,1717,code,2021-09-17 15:08:45,情報,False,low_effort,shuweition,32,True,98,66,6,26,pttcc,sparse,,bulk
M.1640851509.A.E40,1810,code,2021-12-30 16:05:09,情報,False,low_effort,shuweition,29,True,123,91,1,31,pttcc,sparse,,bulk
M.1660552662.A.6DA,2313,code,2022-08-15 16:37:42,情報,False,low_effort,saber50116,32,True,95,59,5,31,pttcc,sparse,,bulk
M.1637827490.A.ECE,1308,code,2021-11-25 16:04:50,情報,False,low_effort,shuweition,31,True,464,275,14,175,pttcc,sparse,,bulk
M.1715155442.A.72C,1615,code,2024-05-08 16:04:02,情報,False,low_effort,paidzou,31,True,122,82,9,31,pttcc,sparse,,bulk
M.1730448693.A.2C9,2354,code,2024-11-01 16:11:33,情報,False,low_effort,saber50116,23,True,141,92,11,38,pttcc,sparse,,bulk
M.1671692172.A.D6B,2915,code,2022-12-22 14:56:12,情報,False,low_effort,saber50116,33,True,25,16,1,8,pttcc,sparse,,bulk
M.1621240325.A.71F,2834,code,2021-05-17 16:32:05,情報,False,low_effort,justin531xx,39,True,93,68,7,18,pttcc,dense,,bulk
M.1638864770.A.08B,2010,code,2021-12-07 16:12:50,情報,False,low_effort,shuweition,34,True,246,154,4,88,pttcc,sparse,,bulk
M.1659078146.A.B74,1101,code,2022-07-29 15:02:26,情報,False,low_effort,saber50116,25,True,31,24,0,7,pttcc,dense,,bulk
M.1656403533.A.A32,1904,code,2022-06-28 16:05:33,情報,False,low_effort,shuweition,26,True,174,94,5,75,pttcc,sparse,,bulk
M.1719907576.A.06D,3010,code,2024-07-02 16:06:16,情報,False,low_effort,paidzou,24,True,140,94,6,40,pttcc,sparse,,bulk
M.1709885202.A.B10,2303,code,2024-03-08 16:06:42,情報,False,low_effort,paidzou,32,True,148,106,4,38,pttcc,dense,,bulk
M.1635922453.A.74B,2104,code,2021-11-03 14:54:13,情報,False,low_effort,reluc,27,True,138,99,6,33,pttcc,sparse,,bulk
M.1693465039.A.9D5,1308,code,2023-08-31 14:57:19,情報,False,low_effort,saber50116,27,True,61,47,3,11,pttcc,sparse,,bulk
M.1720681004.A.1F8,2317,code,2024-07-11 14:56:44,情報,False,low_effort,paidzou,27,True,30,22,1,7,pttcc,dense,,bulk
M.1671091891.A.636,2834,code,2022-12-15 16:11:31,情報,False,low_effort,saber50116,26,True,68,38,5,25,pttcc,dense,,bulk
M.1669363948.A.CF5,2367,code,2022-11-25 16:12:28,情報,False,low_effort,saber50116,25,True,90,61,4,25,pttcc,sparse,,bulk
M.1638341146.A.83D,2338,code,2021-12-01 14:45:46,情報,False,low_effort,shuweition,27,True,123,77,2,44,pttcc,sparse,,bulk
M.1652165543.A.7AC,2603,code,2022-05-10 14:52:23,情報,False,low_effort,nodnarb1027,31,True,57,37,7,13,pttcc,dense,長榮系,bulk
