month,n_articles,n_comments_declared,n_push,n_boo,n_arrow,n_meta_recovered,n_missing_header_date,n_comments_parsed
2019-01,62,44146,26719,3209,14218,0,0,44146
2019-02,79,32334,18797,2705,10832,0,0,32334
2019-03,1627,109564,60076,9603,39885,11,0,109564
2019-04,1547,112970,61806,9461,41703,5,0,112970
2019-05,2297,185476,88536,18096,78844,12,0,185476
2019-06,1441,104603,53312,10187,41104,5,0,104603
2019-07,1287,103502,54873,10482,38147,0,0,103502
2019-08,1480,136063,68759,11690,55614,3,0,136063
2019-09,1248,102123,52217,9346,40560,2,0,102123
2019-10,1226,98593,52569,8874,37150,2,0,98593
2019-11,1189,99198,52464,8707,38027,1,0,99198
2019-12,1275,111948,56478,10737,44733,6,0,111948
2020-01,1177,107356,53616,9796,43944,5,0,107356
2020-02,1712,143464,78359,11053,54052,5,0,143464
2020-03,5719,377410,207021,27699,142690,17,0,377410
2020-04,2665,226854,121060,16196,89598,6,0,226854
2020-05,2382,211314,110050,17357,83907,7,0,211314
2020-06,2473,212884,114966,17703,80215,6,0,212884
2020-07,3033,270626,145625,23253,101748,6,0,270626
2020-08,2345,213606,112933,19962,80711,10,0,213606
2020-09,2097,193777,102195,18022,73560,1,0,193777
2020-10,1557,159494,85697,13252,60545,6,0,159494
2020-11,1818,178123,96166,14776,67181,5,0,178123
2020-12,2073,219096,122236,15925,80935,4,0,219096
2021-01,3636,334503,185458,28369,120676,29,0,334503
2021-02,2278,208721,112511,17557,78653,12,0,208721
2021-03,3166,287523,156992,24984,105547,4,0,287523
2021-04,3704,336810,186522,28775,121513,7,0,336810
2021-05,5714,501061,266657,49254,185150,14,0,501061
2021-06,4371,400719,214293,38551,147875,10,0,400719
2021-07,5834,514335,285168,49772,179395,16,0,514335
2021-08,3698,337923,186970,29851,121102,5,0,337923
2021-09,2441,236766,126689,16963,93114,2,0,236766
2021-10,2406,230051,124836,17325,87890,0,0,230051
2021-11,2328,228821,128806,15441,84574,7,0,228821
2021-12,2469,254384,140277,19634,94473,7,0,254384
2022-01,2513,238473,132696,18819,86958,1,0,238473
2022-02,1930,194374,106508,14141,73725,2,0,194374
2022-03,2746,283388,156925,21940,104523,7,0,283388
2022-04,2112,229677,123388,18077,88212,9,0,229677
2022-05,2110,246983,128595,20425,97963,6,0,246983
2022-06,2315,252398,128743,20567,103088,2,0,252398
2022-07,2572,289429,147393,22989,119047,4,0,289429
2022-08,2017,226634,120023,16157,90454,5,0,226634
2022-09,2135,253926,125559,20118,108249,2,0,253926
2022-10,2198,269012,135097,21191,112724,5,0,269012
2022-11,1593,194735,101432,14850,78453,1,0,194735
2022-12,1463,182678,97581,13475,71622,1,0,182678
2023-01,1051,129552,70140,9341,50071,2,0,129552
2023-02,1463,152248,82920,10478,58850,3,0,152248
2023-03,2166,221249,118242,15701,87306,2,0,221249
2023-04,1450,165055,88395,12337,64323,4,0,165055
2023-05,1844,192398,101845,14223,76330,2,0,192398
2023-06,1685,179530,91633,14739,73158,0,0,179530
2023-07,1871,199649,108649,14395,76605,3,0,199649
2023-08,2145,235136,125034,18301,91801,6,0,235136
2023-09,1576,182606,93739,14069,74798,1,0,182606
2023-10,1462,167511,87114,14129,66268,2,0,167511
2023-11,1508,164512,89265,12420,62827,6,0,164512
2023-12,1602,175460,90301,13657,71502,4,0,175460
2024-01,1542,185793,98731,15016,72046,1,0,185793
2024-02,1457,164088,84946,12134,67008,1,0,164088
2024-03,2616,290506,155977,20028,114501,3,0,290506
2024-04,2244,257384,140095,19151,98138,7,0,257384
2024-05,2486,258405,140174,20197,98034,4,0,258405
2024-06,2565,271025,140620,20758,109647,3,0,271025
2024-07,2567,287067,153068,22214,111785,4,0,287067
2024-08,3112,348709,181526,27816,139367,4,0,348709
2024-09,2285,247284,127719,19451,100114,3,0,247284
2024-10,2144,240439,119078,19397,101964,5,0,240439
2024-11,1974,206578,106319,16012,84247,3,0,206578
2024-12,2022,225399,114952,16369,94078,4,0,225399
