category,n_deleted,pct_deleted,n_control,pct_control,over_representation
請益,9280,0.3948,4067,0.173,2.282
新聞,5355,0.2278,9472,0.403,0.565
心得,3229,0.1374,1688,0.0718,1.913
標的,2503,0.1065,3208,0.1365,0.78
情報,1045,0.0445,3222,0.1371,0.324
其他,783,0.0333,641,0.0273,1.222
無分類,623,0.0265,131,0.0056,4.756
創作,264,0.0112,199,0.0085,1.327
閒聊,207,0.0088,423,0.018,0.489
公告,36,0.0015,344,0.0146,0.105
投顧,36,0.0015,34,0.0014,1.059
問卦,24,0.001,3,0.0001,8.0
爆卦,23,0.001,7,0.0003,3.286
討論,18,0.0008,3,0.0001,6.0
問題,11,0.0005,4,0.0002,2.75
活動,7,0.0003,14,0.0006,0.5
美股,7,0.0003,8,0.0003,0.875
分享,4,0.0002,0,0.0,
預測,4,0.0002,0,0.0,
轉錄,3,0.0001,2,0.0001,1.5
記名公投,3,0.0001,0,0.0,
發錢,3,0.0001,0,0.0,
請問,3,0.0001,0,0.0,
問卷,3,0.0001,6,0.0003,0.5
參選,2,0.0001,2,0.0001,1.0
心情,2,0.0001,0,0.0,
其它,2,0.0001,0,0.0,
舊聞,2,0.0001,0,0.0,
申請,2,0.0001,1,0.0,2.0
學術,2,0.0001,0,0.0,
難過,1,0.0,0,0.0,
請益＋心得,1,0.0,0,0.0,
無標題,1,0.0,0,0.0,
歌詞,1,0.0,0,0.0,
當日,1,0.0,0,0.0,
Live,1,0.0,4,0.0002,0.25
調查,1,0.0,0,0.0,
巨人,1,0.0,0,0.0,
建議,1,0.0,0,0.0,
道歉,1,0.0,0,0.0,
改歌,1,0.0,0,0.0,
自介,1,0.0,0,0.0,
售票,1,0.0,0,0.0,
整理,1,0.0,1,0.0,1.0
創造,1,0.0,0,0.0,
贈書,1,0.0,0,0.0,
徵同好,1,0.0,0,0.0,
問券,1,0.0,0,0.0,
炸裂,1,0.0,0,0.0,
[標的,0,0.0,1,0.0,0.0
應徵,0,0.0,1,0.0,0.0
交換,0,0.0,1,0.0,0.0
訪談,0,0.0,2,0.0001,0.0
[新聞,0,0.0,1,0.0,0.0
宣判,0,0.0,3,0.0001,0.0
政見,0,0.0,1,0.0,0.0
LIVE,0,0.0,1,0.0,0.0
徵文,0,0.0,2,0.0001,0.0
預告,0,0.0,1,0.0,0.0
統計,0,0.0,1,0.0,0.0
黑特,0,0.0,2,0.0001,0.0
Stock,0,0.0,4,0.0002,0.0
