item,inference,paper_estimate,paper_se,paper_t,ours_estimate,ours_se,ours_t,ratio_ours_to_paper,verdict,scale,paper_source,note
"相關性 corr(整週, 週間)",,0.9028,,,0.9316,,,1.0319007532122286,✅ 幾乎逐位數複製,相關係數,"Table 2, p.13",樣本為 dense＋sparse；三組測度 × 兩個樣本的完整版見 T13d
"相關性 corr(整週, 週末)",,0.3981,,,0.4398,,,1.1047475508666165,✅ 幾乎逐位數複製,相關係數,"Table 2, p.13",樣本為 dense＋sparse；三組測度 × 兩個樣本的完整版見 T13d
H1 週末關注度 → 次週報酬,本研究主規格：個股＋週雙重 cluster,0.0068,0.0021,3.238095238095238,0.012420977416404376,0.00755214266825567,1.6446958117746031,1.8266143259418202,❌ 明確不同：論文顯著、本研究不顯著,應變數已標準化,"Table 3a 規格(4), p.15",
H1 週間關注度 → 次週報酬,本研究主規格：個股＋週雙重 cluster,0.0001,0.0022,0.045454545454545456,-0.002100309194171542,0.005130964902851735,-0.40934000406126586,,✅ 型態一致：兩者皆不顯著,應變數已標準化,"Table 3a 規格(4), p.15",
H1 週末關注度 → 次週報酬,論文做法：僅 cluster 至個股,0.0068,0.0021,3.238095238095238,0.020511454529064634,0.006491625806462461,3.1596791220845373,3.01639037192127,✅ 型態一致：兩者皆顯著且同號,應變數已標準化,"Table 3a 規格(4), p.15",
H1 週間關注度 → 次週報酬,論文做法：僅 cluster 至個股,0.0001,0.0022,0.045454545454545456,0.000738622772379881,0.0046161786695240875,0.1600074055313874,,✅ 型態一致：兩者皆不顯著,應變數已標準化,"Table 3a 規格(4), p.15",
機制：週間 → 訂單失衡,本研究主規格：個股＋週雙重 cluster,0.12311,0.04041,3.046523137837169,-0.008839258294665238,0.003956325601709797,-2.234209007177062,,❌ 明確不同：兩者皆顯著但**符號相反**,應變數已標準化,"Table 7 規格(4), p.21",不可直接比：論文 DV 為 MROI×100，本研究為非三大法人殘差
機制：週末 → 訂單失衡,本研究主規格：個股＋週雙重 cluster,0.03185,0.0449,0.7093541202672606,-0.001284214478402772,0.004622854195213667,-0.27779688135792824,,✅ 型態一致：兩者皆不顯著,應變數已標準化,"Table 7 規格(4), p.21",不可直接比：測度不同；本研究另受當沖混淆（LIMITATIONS.md §12）
機制：週末 → 異常周轉率,本研究主規格：個股＋週雙重 cluster,0.0049,0.0013,3.769230769230769,0.05133748890135284,0.011750496140349459,4.368963513384556,,✅ 型態一致：兩者皆顯著且同號,應變數已標準化,"Table 8 規格(4), p.23",不可直接比：本研究為 log1p 差分；另受處置股混淆（§12.1）
機制：週間 → 異常周轉率,本研究主規格：個股＋週雙重 cluster,-0.0018,0.0015,-1.2,0.08424209728118416,0.011620692792172644,7.249317987127855,,❌ 明確不同：本研究顯著、論文不顯著,應變數已標準化,"Table 8 規格(4), p.23",不可直接比：本研究為 log1p 差分
投資組合：等權多空（成本前，%/年）,,2.92,,,6.07809751903432,,2.166256665126549,,— 論文未報 t 值，見 note,%/年,"Table 5a 敘述, p.17",ex-post universe 之機械年化；**成本前價差不得作為主要結論陳述**
投資組合：等權多空（成本後，%/年）,,,,,-23.044809428177157,,-8.182553698188883,,❌ **論文未報告成本後報酬**，無從對照,%/年,論文無對應項,手續費打 6 折 ×2 ＋ 證交稅 ＋ 滑價 20bp×2，按實際換手率計
橫斷面：雙重排序・小型股（成本前，%/年）,,3.36,,,4.52945257538332,,1.1081702133733904,,— 論文未報 t 值，見 note,%/年,"Table 6a, p.20",論文未報 t 值，僅能比型態（小型半邊顯著、大型半邊不顯著）
橫斷面：雙重排序・大型股（成本前，%/年）,,0.53,,,5.18820880532604,,1.2868504359600763,,— 論文未報 t 值，見 note,%/年,"Table 6a, p.20",論文未報 t 值，僅能比型態（小型半邊顯著、大型半邊不顯著）
樣本規模（次週報酬迴歸）,,255059.0,,,55807.0,,,,— 規模對照，非假說檢定,觀測數,"Table 3a, p.16",本研究樣本期 260 週、260 檔；標準誤因此大於論文，這是 diagnostic 標記之外的獨立限制
