dimension,paper,ours,note
樣本,S&P 500（全為大型股）,260 檔台股長尾（無金控、缺主要權值股）,本研究樣本整體相當於論文的『小型半邊』
期間,2004–2019（16 年）,2015-05 ~ 2024-12（504 週）,2020–2024 ＝ COVID ＋ 當沖狂熱 ＋ 2023 低點，外部效度比 v1 更窄
關注度測度,Google Trends SVI（連續搜尋量）,PTT 發文數／留言則數／獨立帳號數（極稀疏計數）,**測度性質根本不同**：搜尋是低成本行為，發文是高成本行為
主要自變數的變異,連續搜尋量，無退化問題,`abn_attention_weekend` 有 80.0% 恰為 0,週末檢定實際上接近稀有事件的虛擬變數檢定（LIMITATIONS.md §11）
固定效果,個股,個股 ＋ 週（主規格）／個股（論文標準，同列並報）,本研究額外吸收市場層級共同衝擊
標準誤,cluster 至個股,cluster 至個股與週（主規格）,**結論差異的主要來源**，見 T13b
訂單失衡測度,Boehmer et al. (2021) 散戶訂單失衡,非三大法人殘差（含大戶與其他機構）,測度不同，符號不可直接比
制度混淆,未涉及,處置股壓 turnover_next、當沖機械壓縮 ROI、漲跌停截斷應變數,台股特有，三項全部在 LIMITATIONS.md §12
新聞控制,RavenPack（news count、NIP、MCQ）,**未取得**,§7 明訂 news_count 為正式主表必要控制項
分析師控制,I/B/E/S（家數、離散度、修正）,**未取得**,需 TEJ 授權
交易成本,未報告,手續費＋證交稅＋滑價，按實際換手率計,§6.6 要求成本後為必要欄
H4 自然實驗,無此設計,**SKIP**：2020–2024 補班星期六交易日為 0 天,事件數為零，不是檢定力不足
