,A′,B,B∩C,C
n_rows,123333,64980,64980,64980
n_tickers,260,260,260,260
n_weeks,504,260,260,260
first_week,2015-05-10,2020-01-12,2020-01-12,2020-01-12
last_week,2024-12-29,2024-12-29,2024-12-29,2024-12-29
pct_zero_attention,0.8481,0.8238,0.8315,0.824
mean_att_all,0.5912,0.8148,0.7197,0.78
mean_att_weekend,0.0995,0.1304,0.1141,0.1265
pct_zero_att_weekend,0.9569,0.9525,0.9553,0.9514
n_dense_tickers,22,21,21,21
n_sparse_tickers,238,231,228,231
n_dense_rows,3693,2632,2576,2703
pct_tier_missing,0.0973,0.0,0.0,0.0
n_abn_weekend_distinct,1147,853,804,864
pct_abn_weekend_exactly_zero,0.7869,0.7907,0.803,0.7883
n_with_ret_next,121957,64207,64207,64207
mean_ret_next,0.001015,0.001614,0.001614,0.001614
pct_disposition_weeks,0.00358,0.00494,0.00494,0.00494
pct_dt_ratio_missing,0.011,0.0119,0.0119,0.0119
mean_dt_ratio,0.1258,0.177,0.177,0.177
