item,inference,missing,coef_A′,t_A′,coef_B,t_B,coef_B∩C,t_B∩C,coef_C,t_C,Δ A′→B,Δ A′→B 的意義,Δ B→B∩C,Δ B→B∩C 的意義,Δ B∩C→C,Δ B∩C→C 的意義
H1 週末｜ret_oc_next,twoway_2cluster,,0.000534,1.628,0.000766,1.615,0.00084,1.68,0.000634,1.264,0.000232,期間效果,7.4e-05,已刪文流失（非隨機，LIMITATIONS.md §2）,-0.000206,測度改變（同一批文章，換直爬欄位重算）
H1 週末｜ret_oc_next,firm_fe_1cluster,,0.000887,3.146,0.001436,3.491,0.001524,3.498,0.001187,2.675,0.000549,期間效果,8.7e-05,已刪文流失（非隨機，LIMITATIONS.md §2）,-0.000337,測度改變（同一批文章，換直爬欄位重算）
H1 週間｜ret_oc_next,twoway_2cluster,,-9.5e-05,-0.423,5.6e-05,0.195,5.6e-05,0.178,0.000132,0.411,0.000151,期間效果,0.0,已刪文流失（非隨機，LIMITATIONS.md §2）,7.6e-05,測度改變（同一批文章，換直爬欄位重算）
H1 週間｜ret_oc_next,firm_fe_1cluster,,2.9e-05,0.144,1.5e-05,0.059,5.1e-05,0.186,7.6e-05,0.262,-1.4e-05,期間效果,3.6e-05,已刪文流失（非隨機，LIMITATIONS.md §2）,2.5e-05,測度改變（同一批文章，換直爬欄位重算）
H1 週末｜ret_gap_next,twoway_2cluster,,0.000482,4.297,0.000649,4.078,0.000691,4.21,0.000642,4.045,0.000167,期間效果,4.2e-05,已刪文流失（非隨機，LIMITATIONS.md §2）,-5e-05,測度改變（同一批文章，換直爬欄位重算）
H1 週末｜ret_gap_next,firm_fe_1cluster,,0.000338,3.488,0.000422,3.083,0.000488,3.43,0.000445,3.214,8.4e-05,期間效果,6.6e-05,已刪文流失（非隨機，LIMITATIONS.md §2）,-4.3e-05,測度改變（同一批文章，換直爬欄位重算）
H1 週末｜ret_cc_next,twoway_2cluster,,0.00104,2.624,0.001452,2.564,0.001565,2.616,0.0013,2.17,0.000412,期間效果,0.000113,已刪文流失（非隨機，LIMITATIONS.md §2）,-0.000265,測度改變（同一批文章，換直爬欄位重算）
H1 週末｜ret_cc_next,firm_fe_1cluster,,0.001233,3.772,0.00187,4.114,0.002021,4.151,0.001632,3.29,0.000637,期間效果,0.000151,已刪文流失（非隨機，LIMITATIONS.md §2）,-0.000389,測度改變（同一批文章，換直爬欄位重算）
H1 僅週末式｜ret_oc_next,twoway_2cluster,,0.000522,1.571,0.000769,1.586,0.000843,1.651,0.000647,1.261,0.000247,期間效果,7.4e-05,已刪文流失（非隨機，LIMITATIONS.md §2）,-0.000196,測度改變（同一批文章，換直爬欄位重算）
H1 僅週末式｜ret_oc_next,firm_fe_1cluster,,0.000888,3.149,0.001436,3.48,0.001527,3.486,0.001194,2.658,0.000548,期間效果,9.1e-05,已刪文流失（非隨機，LIMITATIONS.md §2）,-0.000333,測度改變（同一批文章，換直爬欄位重算）
