source,item,window,parallel_measure,coef_main,t_main,coef_parallel,t_parallel,abs_t_ratio,status,note
T3,H1 次週報酬 ret_oc_next,週末,獨立帳號數,0.000533976945691,1.6275083319153203,,,,SKIPPED,
T3,H1 次週報酬 ret_oc_next,週末,留言則數,0.000533976945691,1.6275083319153203,,,,SKIPPED,
T3,H1 次週報酬 ret_oc_next,週間,獨立帳號數,-9.500052854037332e-05,-0.4231639634899601,,,,SKIPPED,
T3,H1 次週報酬 ret_oc_next,週間,留言則數,-9.500052854037332e-05,-0.4231639634899601,,,,SKIPPED,
T5,H3a 非三大法人訂單失衡,週末,獨立帳號數,-0.0001320796067916,-0.1909398871862506,,,,SKIPPED,
T5,H3a 非三大法人訂單失衡,週間,獨立帳號數,-0.0012811407110695,-2.1450741383131087,,,,SKIPPED,
T5,H3b 異常周轉率,週末,獨立帳號數,0.0024780846720618,4.313967039970272,,,,SKIPPED,
T5,H3b 異常周轉率,週間,獨立帳號數,0.0040956154320097,7.180396854036085,,,,SKIPPED,
T9,多空價差（成本前，週）,週末訊號,獨立帳號數,0.0011688649075066,2.166256665126549,,,,SKIPPED,ex-post universe；成本前價差不得作為主要結論陳述
T9,多空價差（成本前，週）,週末訊號,留言則數,0.0011688649075066,2.166256665126549,,,,SKIPPED,ex-post universe；成本前價差不得作為主要結論陳述
T13d,"corr(整週, 週末)（論文 Table 2 ＝ 0.3981）",週末,留言則數,0.4398,,,,,SKIPPED,此規格的語料無此測度
T13d,"corr(整週, 週末)（論文 Table 2 ＝ 0.3981）",週末,獨立帳號數,0.4398,,,,,SKIPPED,此規格的語料無此測度
