model,inference,status,n_obs,n_entities,n_periods,diagnostic,note,tier_composition,term,coef,se,t,p,r2_within
H1-1 整週｜oc,twoway_2cluster,OK,36566,234,251,True,,dense=2510;sparse=34056,abn_attention_all,0.00022947432836673516,0.00033052442155587447,0.6942734436582109,0.4875152128912905,0.004140508535908305
H1-1 整週｜oc,twoway_2cluster,OK,36566,234,251,True,,dense=2510;sparse=34056,ret_lag1,-0.0004275736569605311,0.0006669284933941276,-0.6411086963529273,0.5214561374498969,0.004140508535908305
H1-1 整週｜oc,twoway_2cluster,OK,36566,234,251,True,,dense=2510;sparse=34056,ret_lag4,-0.0001914282013113795,0.0006560293696723605,-0.2917982184349218,0.7704425854208308,0.004140508535908305
H1-1 整週｜oc,twoway_2cluster,OK,36566,234,251,True,,dense=2510;sparse=34056,ret_lag25,-0.00031929333345637873,0.0006531021300812523,-0.48888729457467167,0.6249244634574556,0.004140508535908305
H1-1 整週｜oc,twoway_2cluster,OK,36566,234,251,True,,dense=2510;sparse=34056,log_market_cap,-0.004768589656619314,0.0016887528309090971,-2.8237345154010876,0.004749369426824801,0.004140508535908305
H1-1 整週｜oc,twoway_2cluster,OK,36566,234,251,True,,dense=2510;sparse=34056,turnover,-0.0010293271477925562,0.0005539223937023332,-1.8582515520137934,0.06314144052624737,0.004140508535908305
H1-1 整週｜oc,twoway_2cluster,OK,36566,234,251,True,,dense=2510;sparse=34056,amihud,0.0002280239629255921,7.215847122481809e-05,3.1600442616800595,0.00157875466247126,0.004140508535908305
H1-1 整週｜oc,twoway_2cluster,OK,36566,234,251,True,,dense=2510;sparse=34056,foreign_holding_pct,0.003587075426623274,0.0014231416991892835,2.5205328665913673,0.011722006438465549,0.004140508535908305
H1-1 整週｜oc,twoway_2cluster,OK,36566,234,251,True,,dense=2510;sparse=34056,att_zero_base_all,0.0008657612318775466,0.0005427654790796544,1.5950926601772522,0.11070027695885143,0.004140508535908305
H1-1 整週｜oc,firm_fe_1cluster,OK,36566,234,251,True,,dense=2510;sparse=34056,abn_attention_all,0.0004608226830518135,0.00028203742123274265,1.6339061711656122,0.10228722022735726,0.005568011201152578
H1-1 整週｜oc,firm_fe_1cluster,OK,36566,234,251,True,,dense=2510;sparse=34056,ret_lag1,-0.0011853560668766052,0.00036363905775798017,-3.259705033295732,0.0011163071958117943,0.005568011201152578
H1-1 整週｜oc,firm_fe_1cluster,OK,36566,234,251,True,,dense=2510;sparse=34056,ret_lag4,-0.0005287873195399474,0.0003766292934475659,-1.4039994465102987,0.1603275641199844,0.005568011201152578
H1-1 整週｜oc,firm_fe_1cluster,OK,36566,234,251,True,,dense=2510;sparse=34056,ret_lag25,-0.0008484817780008608,0.00039428925541394626,-2.151927211686452,0.0314096573155529,0.005568011201152578
H1-1 整週｜oc,firm_fe_1cluster,OK,36566,234,251,True,,dense=2510;sparse=34056,log_market_cap,-0.009008013747457352,0.0015234999750446227,-5.912710137847892,3.3952647360280253e-09,0.005568011201152578
H1-1 整週｜oc,firm_fe_1cluster,OK,36566,234,251,True,,dense=2510;sparse=34056,turnover,-0.00011488467587223504,0.00040828531570999107,-0.28138331566604446,0.7784180164049785,0.005568011201152578
H1-1 整週｜oc,firm_fe_1cluster,OK,36566,234,251,True,,dense=2510;sparse=34056,amihud,0.00028183051465012027,8.874788024093724e-05,3.175630943353154,0.001496359108776213,0.005568011201152578
H1-1 整週｜oc,firm_fe_1cluster,OK,36566,234,251,True,,dense=2510;sparse=34056,foreign_holding_pct,0.008316283094179764,0.0014304501554291153,5.813752448917029,6.15979511842113e-09,0.005568011201152578
H1-1 整週｜oc,firm_fe_1cluster,OK,36566,234,251,True,,dense=2510;sparse=34056,att_zero_base_all,0.0005730811266057217,0.0005717909447240777,1.002256387397437,0.3162264570243749,0.005568011201152578
H1-2 僅週間｜oc,twoway_2cluster,OK,36566,234,251,True,,dense=2510;sparse=34056,abn_attention_weekday,0.0001535011252705429,0.00031026108799245625,0.49474823370140164,0.6207808626113347,0.0040621072579962725
H1-2 僅週間｜oc,twoway_2cluster,OK,36566,234,251,True,,dense=2510;sparse=34056,ret_lag1,-0.0004261367442224754,0.0006668870685894085,-0.6389938631196355,0.5228309813965422,0.0040621072579962725
H1-2 僅週間｜oc,twoway_2cluster,OK,36566,234,251,True,,dense=2510;sparse=34056,ret_lag4,-0.00018621547503718246,0.0006559922162680507,-0.28386842163549597,0.7765128464914015,0.0040621072579962725
H1-2 僅週間｜oc,twoway_2cluster,OK,36566,234,251,True,,dense=2510;sparse=34056,ret_lag25,-0.0003211188576620357,0.0006546472276341313,-0.490521985134721,0.6237675600998276,0.0040621072579962725
H1-2 僅週間｜oc,twoway_2cluster,OK,36566,234,251,True,,dense=2510;sparse=34056,log_market_cap,-0.004751695625462295,0.0016926246854638708,-2.80729429640811,0.004998637913607329,0.0040621072579962725
H1-2 僅週間｜oc,twoway_2cluster,OK,36566,234,251,True,,dense=2510;sparse=34056,turnover,-0.0010102594020793914,0.0005482394528787921,-1.8427338579420791,0.06537607828354997,0.0040621072579962725
H1-2 僅週間｜oc,twoway_2cluster,OK,36566,234,251,True,,dense=2510;sparse=34056,amihud,0.00022422188099961474,7.194654280951125e-05,3.1165066762592635,0.001831511812180775,0.0040621072579962725
H1-2 僅週間｜oc,twoway_2cluster,OK,36566,234,251,True,,dense=2510;sparse=34056,foreign_holding_pct,0.0035915295605231843,0.0014242952834190039,2.5216186575453374,0.011685897287851965,0.0040621072579962725
H1-2 僅週間｜oc,twoway_2cluster,OK,36566,234,251,True,,dense=2510;sparse=34056,att_zero_base_weekday,0.0009289372100642648,0.0005336404959598659,1.7407547161378256,0.08173510900406056,0.0040621072579962725
H1-2 僅週間｜oc,firm_fe_1cluster,OK,36566,234,251,True,,dense=2510;sparse=34056,abn_attention_weekday,0.00019381558640362058,0.00027021168809314905,0.7172731415556209,0.47321018872249665,0.005476361762333237
H1-2 僅週間｜oc,firm_fe_1cluster,OK,36566,234,251,True,,dense=2510;sparse=34056,ret_lag1,-0.001178229232682205,0.00036317452891943073,-3.24425073583173,0.0011786646591329664,0.005476361762333237
H1-2 僅週間｜oc,firm_fe_1cluster,OK,36566,234,251,True,,dense=2510;sparse=34056,ret_lag4,-0.0005071363769078444,0.0003779783861002034,-1.3417073450686694,0.17969929208047453,0.005476361762333237
H1-2 僅週間｜oc,firm_fe_1cluster,OK,36566,234,251,True,,dense=2510;sparse=34056,ret_lag25,-0.0008854654362785133,0.0003961614409715422,-2.235112620014222,0.02541601010940786,0.005476361762333237
H1-2 僅週間｜oc,firm_fe_1cluster,OK,36566,234,251,True,,dense=2510;sparse=34056,log_market_cap,-0.00899890551402925,0.0015298536164834633,-5.882200373336517,4.083874127758236e-09,0.005476361762333237
H1-2 僅週間｜oc,firm_fe_1cluster,OK,36566,234,251,True,,dense=2510;sparse=34056,turnover,-5.5307088357957436e-05,0.000408322185965368,-0.13544962840360658,0.8922571384064182,0.005476361762333237
H1-2 僅週間｜oc,firm_fe_1cluster,OK,36566,234,251,True,,dense=2510;sparse=34056,amihud,0.00027958575744432585,8.86576344724956e-05,3.1535440699251027,0.0016143218622548527,0.005476361762333237
H1-2 僅週間｜oc,firm_fe_1cluster,OK,36566,234,251,True,,dense=2510;sparse=34056,foreign_holding_pct,0.008339893658074693,0.0014352356208543026,5.810818472517074,6.268636498774072e-09,0.005476361762333237
H1-2 僅週間｜oc,firm_fe_1cluster,OK,36566,234,251,True,,dense=2510;sparse=34056,att_zero_base_weekday,0.000482706190794599,0.0005606399854047412,0.8609913730040505,0.3892484777608036,0.005476361762333237
H1-3 僅週末｜oc,twoway_2cluster,OK,36566,234,251,True,,dense=2510;sparse=34056,abn_attention_weekend,0.0007693778739048618,0.0004849734585560916,1.5864329487133702,0.11264989612904919,0.004775481774348389
H1-3 僅週末｜oc,twoway_2cluster,OK,36566,234,251,True,,dense=2510;sparse=34056,ret_lag1,-0.0004251510236685829,0.0006642470559118666,-0.6400495416346906,0.5221444567286389,0.004775481774348389
H1-3 僅週末｜oc,twoway_2cluster,OK,36566,234,251,True,,dense=2510;sparse=34056,ret_lag4,-0.00021674761763480971,0.0006573481655355889,-0.3297303149210279,0.7416056601549004,0.004775481774348389
H1-3 僅週末｜oc,twoway_2cluster,OK,36566,234,251,True,,dense=2510;sparse=34056,ret_lag25,-0.0003261251197194842,0.0006457597702731226,-0.5050254517737305,0.6135440449150096,0.004775481774348389
H1-3 僅週末｜oc,twoway_2cluster,OK,36566,234,251,True,,dense=2510;sparse=34056,log_market_cap,-0.004839731699052003,0.0016739159643972409,-2.8912632425933866,0.003839255987404311,0.004775481774348389
H1-3 僅週末｜oc,twoway_2cluster,OK,36566,234,251,True,,dense=2510;sparse=34056,turnover,-0.0010325138785513656,0.0005559881899390922,-1.8570787963400377,0.06330808924899967,0.004775481774348389
H1-3 僅週末｜oc,twoway_2cluster,OK,36566,234,251,True,,dense=2510;sparse=34056,amihud,0.00023358801174646016,7.087701987661517e-05,3.295680492112918,0.0009827831302433587,0.004775481774348389
H1-3 僅週末｜oc,twoway_2cluster,OK,36566,234,251,True,,dense=2510;sparse=34056,foreign_holding_pct,0.0035862162929023262,0.0014200708270480534,2.5253784702817312,0.011561621951591716,0.004775481774348389
H1-3 僅週末｜oc,twoway_2cluster,OK,36566,234,251,True,,dense=2510;sparse=34056,att_zero_base_weekend,0.0005131402542627401,0.0007306218497428917,0.7023335730286685,0.48247569242706745,0.004775481774348389
H1-3 僅週末｜oc,firm_fe_1cluster,OK,36566,234,251,True,,dense=2510;sparse=34056,abn_attention_weekend,0.00143628159374414,0.00041269890321213917,3.480216648421403,0.0005015960444880729,0.0063693122710123395
H1-3 僅週末｜oc,firm_fe_1cluster,OK,36566,234,251,True,,dense=2510;sparse=34056,ret_lag1,-0.0011620261940387582,0.00035988781291618145,-3.2288567501711882,0.0012439650686009163,0.0063693122710123395
H1-3 僅週末｜oc,firm_fe_1cluster,OK,36566,234,251,True,,dense=2510;sparse=34056,ret_lag4,-0.0005653785858530398,0.0003768177903230854,-1.5004031135798588,0.13351870520563192,0.0063693122710123395
H1-3 僅週末｜oc,firm_fe_1cluster,OK,36566,234,251,True,,dense=2510;sparse=34056,ret_lag25,-0.0008806214254676131,0.00038293489514834757,-2.2996635632447746,0.021472931463414335,0.0063693122710123395
H1-3 僅週末｜oc,firm_fe_1cluster,OK,36566,234,251,True,,dense=2510;sparse=34056,log_market_cap,-0.009071942896880675,0.0015088648669991972,-6.012429008916344,1.8450470040676237e-09,0.0063693122710123395
H1-3 僅週末｜oc,firm_fe_1cluster,OK,36566,234,251,True,,dense=2510;sparse=34056,turnover,-0.00013244598320246795,0.000404788268330801,-0.32719817634198445,0.7435198856334626,0.0063693122710123395
H1-3 僅週末｜oc,firm_fe_1cluster,OK,36566,234,251,True,,dense=2510;sparse=34056,amihud,0.00028407579652693334,8.976161550493495e-05,3.1647803454619785,0.0015532807970033424,0.0063693122710123395
H1-3 僅週末｜oc,firm_fe_1cluster,OK,36566,234,251,True,,dense=2510;sparse=34056,foreign_holding_pct,0.008338667874744236,0.0014321231093220785,5.822591521961751,5.842887729201607e-09,0.0063693122710123395
H1-3 僅週末｜oc,firm_fe_1cluster,OK,36566,234,251,True,,dense=2510;sparse=34056,att_zero_base_weekend,-0.00012454023025995845,0.0006993583048410684,-0.17807785994371034,0.8586628223870527,0.0063693122710123395
H1-4 週間＋週末｜oc,twoway_2cluster,OK,36566,234,251,True,,dense=2510;sparse=34056,abn_attention_weekday,5.586827635922607e-05,0.0002871376354265616,0.1945696748398381,0.8457309410266225,0.004791935275684112
H1-4 週間＋週末｜oc,twoway_2cluster,OK,36566,234,251,True,,dense=2510;sparse=34056,abn_attention_weekend,0.00076639377900777,0.0004746902426550574,1.6145134450650265,0.106424849496499,0.004791935275684112
H1-4 週間＋週末｜oc,twoway_2cluster,OK,36566,234,251,True,,dense=2510;sparse=34056,ret_lag1,-0.00043823759672681207,0.0006650326575633073,-0.6589715433412296,0.5099182487400276,0.004791935275684112
H1-4 週間＋週末｜oc,twoway_2cluster,OK,36566,234,251,True,,dense=2510;sparse=34056,ret_lag4,-0.00022201964809490096,0.0006537819043267928,-0.3395928315322788,0.734165154403132,0.004791935275684112
H1-4 週間＋週末｜oc,twoway_2cluster,OK,36566,234,251,True,,dense=2510;sparse=34056,ret_lag25,-0.0002734660823838975,0.0006515779817848015,-0.4196981635794684,0.6747084664163367,0.004791935275684112
H1-4 週間＋週末｜oc,twoway_2cluster,OK,36566,234,251,True,,dense=2510;sparse=34056,log_market_cap,-0.0047762516853178255,0.001672109834110177,-2.856422220529273,0.004286897143903401,0.004791935275684112
H1-4 週間＋週末｜oc,twoway_2cluster,OK,36566,234,251,True,,dense=2510;sparse=34056,turnover,-0.001020975255733395,0.0005492732725616893,-1.8587746878194014,0.06306722034791035,0.004791935275684112
H1-4 週間＋週末｜oc,twoway_2cluster,OK,36566,234,251,True,,dense=2510;sparse=34056,amihud,0.00022725746562035886,7.01450423166482e-05,3.2398222043188025,0.0011971255667144742,0.004791935275684112
H1-4 週間＋週末｜oc,twoway_2cluster,OK,36566,234,251,True,,dense=2510;sparse=34056,foreign_holding_pct,0.0035613339586771306,0.0014168197350179676,2.5136112030737396,0.011954529484049514,0.004791935275684112
H1-4 週間＋週末｜oc,twoway_2cluster,OK,36566,234,251,True,,dense=2510;sparse=34056,att_zero_base_weekday,0.0009038987862430381,0.0005264806985517535,1.716869751786701,0.08601155744620681,0.004791935275684112
H1-4 週間＋週末｜oc,twoway_2cluster,OK,36566,234,251,True,,dense=2510;sparse=34056,att_zero_base_weekend,0.0004242396124570883,0.0007256730058757717,0.5846153970480116,0.5588100087714851,0.004791935275684112
H1-4 週間＋週末｜oc,firm_fe_1cluster,OK,36566,234,251,True,,dense=2510;sparse=34056,abn_attention_weekday,1.5249361557359622e-05,0.0002590817614927822,0.058859263073925236,0.9530645289312387,0.0063898174621555
H1-4 週間＋週末｜oc,firm_fe_1cluster,OK,36566,234,251,True,,dense=2510;sparse=34056,abn_attention_weekend,0.001436469425225372,0.0004114650914100636,3.491108857625531,0.0004815909994673184,0.0063898174621555
H1-4 週間＋週末｜oc,firm_fe_1cluster,OK,36566,234,251,True,,dense=2510;sparse=34056,ret_lag1,-0.0011677200369356335,0.0003601866174435627,-3.2419861826726595,0.0011880678644171638,0.0063898174621555
H1-4 週間＋週末｜oc,firm_fe_1cluster,OK,36566,234,251,True,,dense=2510;sparse=34056,ret_lag4,-0.0005700246933046104,0.00037550833505674996,-1.518008097525887,0.12902106090190713,0.0063898174621555
H1-4 週間＋週末｜oc,firm_fe_1cluster,OK,36566,234,251,True,,dense=2510;sparse=34056,ret_lag25,-0.0008499262747186921,0.00039399583361870847,-2.1571960975130837,0.030996926437848016,0.0063898174621555
H1-4 週間＋週末｜oc,firm_fe_1cluster,OK,36566,234,251,True,,dense=2510;sparse=34056,log_market_cap,-0.009024615617600764,0.0015134834121734021,-5.962811052313535,2.502214213606635e-09,0.0063898174621555
H1-4 週間＋週末｜oc,firm_fe_1cluster,OK,36566,234,251,True,,dense=2510;sparse=34056,turnover,-0.00012089737951579182,0.00041024306591933154,-0.29469694812480896,0.7682270789925445,0.0063898174621555
H1-4 週間＋週末｜oc,firm_fe_1cluster,OK,36566,234,251,True,,dense=2510;sparse=34056,amihud,0.0002801800605459394,8.90671986823911e-05,3.1457154226332706,0.0016581479005348676,0.0063898174621555
H1-4 週間＋週末｜oc,firm_fe_1cluster,OK,36566,234,251,True,,dense=2510;sparse=34056,foreign_holding_pct,0.008307251335331325,0.0014279184203662217,5.817735254931962,6.014985176605592e-09,0.0063898174621555
H1-4 週間＋週末｜oc,firm_fe_1cluster,OK,36566,234,251,True,,dense=2510;sparse=34056,att_zero_base_weekday,0.000516017014624106,0.0005641535992016784,0.914674683196758,0.3603685109251227,0.0063898174621555
H1-4 週間＋週末｜oc,firm_fe_1cluster,OK,36566,234,251,True,,dense=2510;sparse=34056,att_zero_base_weekend,-0.00018003463147974982,0.0007019786198054411,-0.25646740000378904,0.7975914024020536,0.0063898174621555
H1-5 交易時段切法｜oc,twoway_2cluster,OK,36566,234,251,True,,dense=2510;sparse=34056,abn_attention_intraday,0.0004493335867195028,0.00036178310180609574,1.2419971648104542,0.21424568321652737,0.004319318469860223
H1-5 交易時段切法｜oc,twoway_2cluster,OK,36566,234,251,True,,dense=2510;sparse=34056,abn_attention_non_trading,0.0001278396248046856,0.00033646414046718587,0.37995022181911636,0.703984603213303,0.004319318469860223
H1-5 交易時段切法｜oc,twoway_2cluster,OK,36566,234,251,True,,dense=2510;sparse=34056,ret_lag1,-0.0004419017037879862,0.0006651977978466266,-0.6643162458121586,0.5064921717776305,0.004319318469860223
H1-5 交易時段切法｜oc,twoway_2cluster,OK,36566,234,251,True,,dense=2510;sparse=34056,ret_lag4,-0.0002084949659646807,0.0006554695622856296,-0.3180848935801938,0.7504223835997861,0.004319318469860223
H1-5 交易時段切法｜oc,twoway_2cluster,OK,36566,234,251,True,,dense=2510;sparse=34056,ret_lag25,-0.00028059362488488666,0.0006519398387158083,-0.4303980340235078,0.6669086966180107,0.004319318469860223
H1-5 交易時段切法｜oc,twoway_2cluster,OK,36566,234,251,True,,dense=2510;sparse=34056,log_market_cap,-0.004775414844044804,0.0016728780974024807,-2.8546101783864044,0.004311424125010177,0.004319318469860223
H1-5 交易時段切法｜oc,twoway_2cluster,OK,36566,234,251,True,,dense=2510;sparse=34056,turnover,-0.0010522101960075392,0.0005535592009590695,-1.90080879187724,0.057335025226987746,0.004319318469860223
H1-5 交易時段切法｜oc,twoway_2cluster,OK,36566,234,251,True,,dense=2510;sparse=34056,amihud,0.0002264772629090895,7.181577422715604e-05,3.1535865949552155,0.0016140959149733014,0.004319318469860223
H1-5 交易時段切法｜oc,twoway_2cluster,OK,36566,234,251,True,,dense=2510;sparse=34056,foreign_holding_pct,0.0035552953919554325,0.0014225452582829255,2.499249406129145,0.012450077403906024,0.004319318469860223
H1-5 交易時段切法｜oc,twoway_2cluster,OK,36566,234,251,True,,dense=2510;sparse=34056,att_zero_base_intraday,0.00038006470153694973,0.0006211965091445908,0.6118268469671732,0.5406561813638056,0.004319318469860223
H1-5 交易時段切法｜oc,twoway_2cluster,OK,36566,234,251,True,,dense=2510;sparse=34056,att_zero_base_non_trading,0.0006394797195137658,0.0004980616656095008,1.2839368368798374,0.19917230382830176,0.004319318469860223
H1-5 交易時段切法｜oc,firm_fe_1cluster,OK,36566,234,251,True,,dense=2510;sparse=34056,abn_attention_intraday,0.0007798536087991047,0.0003317382479745667,2.3508100544948123,0.01873790991556068,0.005773635894195217
H1-5 交易時段切法｜oc,firm_fe_1cluster,OK,36566,234,251,True,,dense=2510;sparse=34056,abn_attention_non_trading,0.000165501919350153,0.0003028629630014969,0.5464581000924006,0.5847544385954331,0.005773635894195217
H1-5 交易時段切法｜oc,firm_fe_1cluster,OK,36566,234,251,True,,dense=2510;sparse=34056,ret_lag1,-0.0011950197103806344,0.0003617153813093797,-3.3037569650888554,0.0009549071510970286,0.005773635894195217
H1-5 交易時段切法｜oc,firm_fe_1cluster,OK,36566,234,251,True,,dense=2510;sparse=34056,ret_lag4,-0.000546724889683241,0.0003770825959016368,-1.4498809959021708,0.14710034222232604,0.005773635894195217
H1-5 交易時段切法｜oc,firm_fe_1cluster,OK,36566,234,251,True,,dense=2510;sparse=34056,ret_lag25,-0.0008299476151484716,0.00040003959475274145,-2.074663673383256,0.038024741400026096,0.005773635894195217
H1-5 交易時段切法｜oc,firm_fe_1cluster,OK,36566,234,251,True,,dense=2510;sparse=34056,log_market_cap,-0.009026677345420016,0.0015166948089284965,-5.95154495965943,2.6805442310262606e-09,0.005773635894195217
H1-5 交易時段切法｜oc,firm_fe_1cluster,OK,36566,234,251,True,,dense=2510;sparse=34056,turnover,-0.0001502401309806921,0.00041938690331259486,-0.35823753625589233,0.7201676407805437,0.005773635894195217
H1-5 交易時段切法｜oc,firm_fe_1cluster,OK,36566,234,251,True,,dense=2510;sparse=34056,amihud,0.0002801829797524117,8.857218041326456e-05,3.1633293709731407,0.0015610419636864492,0.005773635894195217
H1-5 交易時段切法｜oc,firm_fe_1cluster,OK,36566,234,251,True,,dense=2510;sparse=34056,foreign_holding_pct,0.008289356590268812,0.0014307892736927918,5.793555167543589,6.94796642441986e-09,0.005773635894195217
H1-5 交易時段切法｜oc,firm_fe_1cluster,OK,36566,234,251,True,,dense=2510;sparse=34056,att_zero_base_intraday,0.00016233399203608448,0.0005853711695264776,0.27731805132699106,0.7815374782211117,0.005773635894195217
H1-5 交易時段切法｜oc,firm_fe_1cluster,OK,36566,234,251,True,,dense=2510;sparse=34056,att_zero_base_non_trading,0.00033453568278686807,0.0005632743183946256,0.5939125428979615,0.5525743081541981,0.005773635894195217
H1-1 整週｜gap,twoway_2cluster,OK,36566,234,251,True,,dense=2510;sparse=34056,abn_attention_all,0.0005503231047185094,0.00010565158538601548,5.208848525157604,1.9105836357447004e-07,0.015535801139844652
H1-1 整週｜gap,twoway_2cluster,OK,36566,234,251,True,,dense=2510;sparse=34056,ret_lag1,0.0004999893961065025,0.00017726798618574515,2.8205284375634694,0.004797078635750074,0.015535801139844652
H1-1 整週｜gap,twoway_2cluster,OK,36566,234,251,True,,dense=2510;sparse=34056,ret_lag4,0.00011089515885781749,0.00016688552099824587,0.6644983830501575,0.5063756310405534,0.015535801139844652
H1-1 整週｜gap,twoway_2cluster,OK,36566,234,251,True,,dense=2510;sparse=34056,ret_lag25,0.00030921451813751747,0.00017867871943349987,1.7305615303147504,0.08353854989532783,0.015535801139844652
H1-1 整週｜gap,twoway_2cluster,OK,36566,234,251,True,,dense=2510;sparse=34056,log_market_cap,0.0004732686834562326,0.00040117778752801346,1.179698124296538,0.23812807998977892,0.015535801139844652
H1-1 整週｜gap,twoway_2cluster,OK,36566,234,251,True,,dense=2510;sparse=34056,turnover,0.0004313344346289446,0.0001679220005477767,2.5686594563064564,0.010213257751402027,0.015535801139844652
H1-1 整週｜gap,twoway_2cluster,OK,36566,234,251,True,,dense=2510;sparse=34056,amihud,-0.00033196021838532037,3.8571172057996276e-05,-8.606433267990386,0.0,0.015535801139844652
H1-1 整週｜gap,twoway_2cluster,OK,36566,234,251,True,,dense=2510;sparse=34056,foreign_holding_pct,0.00020457175297754524,0.00040773391783460353,0.5017285637260361,0.6158615312300459,0.015535801139844652
H1-1 整週｜gap,twoway_2cluster,OK,36566,234,251,True,,dense=2510;sparse=34056,att_zero_base_all,-0.0005278852393163767,0.00017174260775243153,-3.073699917712487,0.0021157971764658168,0.015535801139844652
H1-1 整週｜gap,firm_fe_1cluster,OK,36566,234,251,True,,dense=2510;sparse=34056,abn_attention_all,0.00046839971590330906,0.00010018883260508213,4.675168915777438,2.9476589817889476e-06,0.023149951011062986
H1-1 整週｜gap,firm_fe_1cluster,OK,36566,234,251,True,,dense=2510;sparse=34056,ret_lag1,0.0015389978559528774,0.0001184107486472058,12.99711279199985,0.0,0.023149951011062986
H1-1 整週｜gap,firm_fe_1cluster,OK,36566,234,251,True,,dense=2510;sparse=34056,ret_lag4,-0.0003155128140959074,0.00011797093390056926,-2.6744961971890002,0.007487512603377988,0.023149951011062986
H1-1 整週｜gap,firm_fe_1cluster,OK,36566,234,251,True,,dense=2510;sparse=34056,ret_lag25,0.0006808953077887747,0.00012687671596759166,5.3665899420244845,8.072989277074782e-08,0.023149951011062986
H1-1 整週｜gap,firm_fe_1cluster,OK,36566,234,251,True,,dense=2510;sparse=34056,log_market_cap,0.002558606705203944,0.000364062855906351,7.027925710339706,2.1331825195147758e-12,0.023149951011062986
H1-1 整週｜gap,firm_fe_1cluster,OK,36566,234,251,True,,dense=2510;sparse=34056,turnover,0.0001963782622752767,0.00014573917133798,1.3474638319430325,0.17783929920293917,0.023149951011062986
H1-1 整週｜gap,firm_fe_1cluster,OK,36566,234,251,True,,dense=2510;sparse=34056,amihud,-0.0004118028502745372,5.878113894064708e-05,-7.005697026223765,2.5004442960607776e-12,0.023149951011062986
H1-1 整週｜gap,firm_fe_1cluster,OK,36566,234,251,True,,dense=2510;sparse=34056,foreign_holding_pct,-0.002237307411782722,0.00047779701139996893,-4.682547940656431,2.8435395109660533e-06,0.023149951011062986
H1-1 整週｜gap,firm_fe_1cluster,OK,36566,234,251,True,,dense=2510;sparse=34056,att_zero_base_all,-0.00040993087766343165,0.00020011701022701748,-2.0484559368461297,0.04052251719434863,0.023149951011062986
H1-2 僅週間｜gap,twoway_2cluster,OK,36566,234,251,True,,dense=2510;sparse=34056,abn_attention_weekday,0.000380003615677163,9.948532911108101e-05,3.819695015059632,0.00013384046528308602,0.015122294265354608
H1-2 僅週間｜gap,twoway_2cluster,OK,36566,234,251,True,,dense=2510;sparse=34056,ret_lag1,0.0005071944241971147,0.00017812470590578236,2.8474119949727306,0.004410116998859515,0.015122294265354608
H1-2 僅週間｜gap,twoway_2cluster,OK,36566,234,251,True,,dense=2510;sparse=34056,ret_lag4,0.00012582167725011282,0.00016516504464096662,0.761793619973416,0.4461881692107246,0.015122294265354608
H1-2 僅週間｜gap,twoway_2cluster,OK,36566,234,251,True,,dense=2510;sparse=34056,ret_lag25,0.0002889140406530739,0.0001800422698768485,1.6047011674019396,0.10856833890206641,0.015122294265354608
H1-2 僅週間｜gap,twoway_2cluster,OK,36566,234,251,True,,dense=2510;sparse=34056,log_market_cap,0.0004827387459895734,0.00040336302634068794,1.1967848178078753,0.23139830250089366,0.015122294265354608
H1-2 僅週間｜gap,twoway_2cluster,OK,36566,234,251,True,,dense=2510;sparse=34056,turnover,0.00046977972356942473,0.00016756369066303793,2.8035890216462698,0.005056426255004132,0.015122294265354608
H1-2 僅週間｜gap,twoway_2cluster,OK,36566,234,251,True,,dense=2510;sparse=34056,amihud,-0.0003314339818034205,3.867886538377774e-05,-8.568865154519937,0.0,0.015122294265354608
H1-2 僅週間｜gap,twoway_2cluster,OK,36566,234,251,True,,dense=2510;sparse=34056,foreign_holding_pct,0.0002097674982099695,0.0004081874182056887,0.5138999607877823,0.6073250827184993,0.015122294265354608
H1-2 僅週間｜gap,twoway_2cluster,OK,36566,234,251,True,,dense=2510;sparse=34056,att_zero_base_weekday,-0.00042939969121328817,0.00016937432407852942,-2.535211246152041,0.011242140469285955,0.015122294265354608
H1-2 僅週間｜gap,firm_fe_1cluster,OK,36566,234,251,True,,dense=2510;sparse=34056,abn_attention_weekday,0.0003377787796255723,9.803517202963826e-05,3.445485662262663,0.000570678215324083,0.02264781120418269
H1-2 僅週間｜gap,firm_fe_1cluster,OK,36566,234,251,True,,dense=2510;sparse=34056,ret_lag1,0.0015418412343011752,0.00011854403162955555,13.006485548925445,0.0,0.02264781120418269
H1-2 僅週間｜gap,firm_fe_1cluster,OK,36566,234,251,True,,dense=2510;sparse=34056,ret_lag4,-0.00030316121622056476,0.0001177442290874081,-2.5747437353852076,0.010035359179437764,0.02264781120418269
H1-2 僅週間｜gap,firm_fe_1cluster,OK,36566,234,251,True,,dense=2510;sparse=34056,ret_lag25,0.0006613172911174036,0.000126833734515264,5.21404887780716,1.8577305405109712e-07,0.02264781120418269
H1-2 僅週間｜gap,firm_fe_1cluster,OK,36566,234,251,True,,dense=2510;sparse=34056,log_market_cap,0.002549197357821259,0.0003638701609143877,7.00578841478854,2.4986679392213773e-12,0.02264781120418269
H1-2 僅週間｜gap,firm_fe_1cluster,OK,36566,234,251,True,,dense=2510;sparse=34056,turnover,0.0002245359298621745,0.00014590096381313054,1.53896125148124,0.12382246698430355,0.02264781120418269
H1-2 僅週間｜gap,firm_fe_1cluster,OK,36566,234,251,True,,dense=2510;sparse=34056,amihud,-0.00041085467963411184,5.868572839727839e-05,-7.000930053262586,2.5868196473766147e-12,0.02264781120418269
H1-2 僅週間｜gap,firm_fe_1cluster,OK,36566,234,251,True,,dense=2510;sparse=34056,foreign_holding_pct,-0.002217989018320477,0.0004772648602100429,-4.647291689030587,3.3750107806262974e-06,0.02264781120418269
H1-2 僅週間｜gap,firm_fe_1cluster,OK,36566,234,251,True,,dense=2510;sparse=34056,att_zero_base_weekday,-0.00042486791058760553,0.00019392638459556901,-2.1908721264188062,0.028467378149366507,0.02264781120418269
H1-3 僅週末｜gap,twoway_2cluster,OK,36566,234,251,True,,dense=2510;sparse=34056,abn_attention_weekend,0.0006848426752955845,0.00016052871974125903,4.266169171469238,1.9936422076760607e-05,0.015124041240476283
H1-3 僅週末｜gap,twoway_2cluster,OK,36566,234,251,True,,dense=2510;sparse=34056,ret_lag1,0.0005207975341017138,0.00017701580037464076,2.9420963156932016,0.003262058200335538,0.015124041240476283
H1-3 僅週末｜gap,twoway_2cluster,OK,36566,234,251,True,,dense=2510;sparse=34056,ret_lag4,0.00011646920547435032,0.00016940495388478876,0.6875194780523377,0.49175985096284824,0.015124041240476283
H1-3 僅週末｜gap,twoway_2cluster,OK,36566,234,251,True,,dense=2510;sparse=34056,ret_lag25,0.00025876299715073405,0.00017916092110723125,1.4443049050627477,0.14866191183116717,0.015124041240476283
H1-3 僅週末｜gap,twoway_2cluster,OK,36566,234,251,True,,dense=2510;sparse=34056,log_market_cap,0.0004933091030107629,0.0003890124204819271,1.2681063046769256,0.20476817463071462,0.015124041240476283
H1-3 僅週末｜gap,twoway_2cluster,OK,36566,234,251,True,,dense=2510;sparse=34056,turnover,0.0005086164777578011,0.00017049728232839377,2.9831353955434787,0.002855025703733638,0.015124041240476283
H1-3 僅週末｜gap,twoway_2cluster,OK,36566,234,251,True,,dense=2510;sparse=34056,amihud,-0.0003358836849365499,3.6433945549748154e-05,-9.218976420709716,0.0,0.015124041240476283
H1-3 僅週末｜gap,twoway_2cluster,OK,36566,234,251,True,,dense=2510;sparse=34056,foreign_holding_pct,0.0002491733355901331,0.00040616577908265635,0.6134769309046721,0.5395648999604412,0.015124041240476283
H1-3 僅週末｜gap,twoway_2cluster,OK,36566,234,251,True,,dense=2510;sparse=34056,att_zero_base_weekend,-0.0005689239495137618,0.00017739356979802268,-3.207128365258837,0.0013418409398813225,0.015124041240476283
H1-3 僅週末｜gap,firm_fe_1cluster,OK,36566,234,251,True,,dense=2510;sparse=34056,abn_attention_weekend,0.00045692217940767477,0.0001373026187996462,3.32784751960501,0.0008760666138287743,0.023090722052239387
H1-3 僅週末｜gap,firm_fe_1cluster,OK,36566,234,251,True,,dense=2510;sparse=34056,ret_lag1,0.001551195502882456,0.00011833076740483561,13.108978644374666,0.0,0.023090722052239387
H1-3 僅週末｜gap,firm_fe_1cluster,OK,36566,234,251,True,,dense=2510;sparse=34056,ret_lag4,-0.0003052946784040022,0.00011938176502424014,-2.5572974092149914,0.010552923538930559,0.023090722052239387
H1-3 僅週末｜gap,firm_fe_1cluster,OK,36566,234,251,True,,dense=2510;sparse=34056,ret_lag25,0.0006604794367254199,0.00012568569921148304,5.255008651494031,1.488518197589883e-07,0.023090722052239387
H1-3 僅週末｜gap,firm_fe_1cluster,OK,36566,234,251,True,,dense=2510;sparse=34056,log_market_cap,0.0025820345521780402,0.00036203837165771433,7.131936154599656,1.0080825063596421e-12,0.023090722052239387
H1-3 僅週末｜gap,firm_fe_1cluster,OK,36566,234,251,True,,dense=2510;sparse=34056,turnover,0.0002822958207896086,0.00014700201566355764,1.9203534013825827,0.0548210963109097,0.023090722052239387
H1-3 僅週末｜gap,firm_fe_1cluster,OK,36566,234,251,True,,dense=2510;sparse=34056,amihud,-0.00041406226319612156,5.823970863528616e-05,-7.109621131333242,1.185052056484892e-12,0.023090722052239387
H1-3 僅週末｜gap,firm_fe_1cluster,OK,36566,234,251,True,,dense=2510;sparse=34056,foreign_holding_pct,-0.0022208788759461562,0.00047739819146446107,-4.652047107957017,3.2981326116843235e-06,0.023090722052239387
H1-3 僅週末｜gap,firm_fe_1cluster,OK,36566,234,251,True,,dense=2510;sparse=34056,att_zero_base_weekend,-0.00011314701562341793,0.0002129789383021775,-0.5312591776698753,0.5952424382731696,0.023090722052239387
H1-4 週間＋週末｜gap,twoway_2cluster,OK,36566,234,251,True,,dense=2510;sparse=34056,abn_attention_weekday,0.000305117139905145,9.550077094441835e-05,3.194918081684637,0.0013999083583162708,0.015557715100466218
H1-4 週間＋週末｜gap,twoway_2cluster,OK,36566,234,251,True,,dense=2510;sparse=34056,abn_attention_weekend,0.0006492275860273566,0.00015921391119662673,4.077706408616333,4.5579648861870936e-05,0.015557715100466218
H1-4 週間＋週末｜gap,twoway_2cluster,OK,36566,234,251,True,,dense=2510;sparse=34056,ret_lag1,0.0005073473031236834,0.00017750654367857654,2.858189296065459,0.00426310073913494,0.015557715100466218
H1-4 週間＋週末｜gap,twoway_2cluster,OK,36566,234,251,True,,dense=2510;sparse=34056,ret_lag4,9.804354124695094e-05,0.00016904604556273068,0.5799812762290752,0.5619308670195677,0.015557715100466218
H1-4 週間＋週末｜gap,twoway_2cluster,OK,36566,234,251,True,,dense=2510;sparse=34056,ret_lag25,0.0002783523198384727,0.00018067260813550422,1.540644831062099,0.12341202256389727,0.015557715100466218
H1-4 週間＋週末｜gap,twoway_2cluster,OK,36566,234,251,True,,dense=2510;sparse=34056,log_market_cap,0.0004543947886784283,0.00038879384478290077,1.168729378758963,0.24252040509768147,0.015557715100466218
H1-4 週間＋週末｜gap,twoway_2cluster,OK,36566,234,251,True,,dense=2510;sparse=34056,turnover,0.00043077872153959726,0.00016615976033054552,2.59255743197173,0.009530370257123,0.015557715100466218
H1-4 週間＋週末｜gap,twoway_2cluster,OK,36566,234,251,True,,dense=2510;sparse=34056,amihud,-0.0003334737405802807,3.543099403115967e-05,-9.41192167194091,0.0,0.015557715100466218
H1-4 週間＋週末｜gap,twoway_2cluster,OK,36566,234,251,True,,dense=2510;sparse=34056,foreign_holding_pct,0.00023729105220838918,0.0004029399395690163,0.5888993095650811,0.5559325086607281,0.015557715100466218
H1-4 週間＋週末｜gap,twoway_2cluster,OK,36566,234,251,True,,dense=2510;sparse=34056,att_zero_base_weekday,-0.00037687205554064044,0.00016423829150535304,-2.2946661956012675,0.021757976638274057,0.015557715100466218
H1-4 週間＋週末｜gap,twoway_2cluster,OK,36566,234,251,True,,dense=2510;sparse=34056,att_zero_base_weekend,-0.0005376380844065251,0.00017249638779858224,-3.116807785182757,0.0018296428669084541,0.015557715100466218
H1-4 週間＋週末｜gap,firm_fe_1cluster,OK,36566,234,251,True,,dense=2510;sparse=34056,abn_attention_weekday,0.0002855204317218794,9.658095018282576e-05,2.956281038666477,0.0031157335446916345,0.023572291319014282
H1-4 週間＋週末｜gap,firm_fe_1cluster,OK,36566,234,251,True,,dense=2510;sparse=34056,abn_attention_weekend,0.00042209912960758405,0.00013691834108047897,3.0828530807240733,0.0020517993667170664,0.023572291319014282
H1-4 週間＋週末｜gap,firm_fe_1cluster,OK,36566,234,251,True,,dense=2510;sparse=34056,ret_lag1,0.0015451170224549905,0.00011812243581599221,13.080639692038945,0.0,0.023572291319014282
H1-4 週間＋週末｜gap,firm_fe_1cluster,OK,36566,234,251,True,,dense=2510;sparse=34056,ret_lag4,-0.0003215231900226546,0.00011834701613227295,-2.7167832407645807,0.006595097963201679,0.023572291319014282
H1-4 週間＋週末｜gap,firm_fe_1cluster,OK,36566,234,251,True,,dense=2510;sparse=34056,ret_lag25,0.0006703008680476864,0.00012826587179720766,5.225870753113915,1.7429365173349254e-07,0.023572291319014282
H1-4 週間＋週末｜gap,firm_fe_1cluster,OK,36566,234,251,True,,dense=2510;sparse=34056,log_market_cap,0.002542752548717434,0.00036011466104379726,7.060952590342285,1.6833201499366623e-12,0.023572291319014282
H1-4 週間＋週末｜gap,firm_fe_1cluster,OK,36566,234,251,True,,dense=2510;sparse=34056,turnover,0.00020441698217576215,0.00014397171268070886,1.4198412894420787,0.15566247411912837,0.023572291319014282
H1-4 週間＋週末｜gap,firm_fe_1cluster,OK,36566,234,251,True,,dense=2510;sparse=34056,amihud,-0.00041081016767931076,5.740801527153118e-05,-7.155972310421134,8.466560785791444e-13,0.023572291319014282
H1-4 週間＋週末｜gap,firm_fe_1cluster,OK,36566,234,251,True,,dense=2510;sparse=34056,foreign_holding_pct,-0.00222731466043439,0.0004758419032950672,-4.680787137515385,2.8680599308827937e-06,0.023572291319014282
H1-4 週間＋週末｜gap,firm_fe_1cluster,OK,36566,234,251,True,,dense=2510;sparse=34056,att_zero_base_weekday,-0.0004129968079265169,0.00019213863563903924,-2.1494729914830475,0.03160350970925174,0.023572291319014282
H1-4 週間＋週末｜gap,firm_fe_1cluster,OK,36566,234,251,True,,dense=2510;sparse=34056,att_zero_base_weekend,-7.598880234922298e-05,0.00021092689939473163,-0.3602613159690763,0.7186538199795578,0.023572291319014282
H1-5 交易時段切法｜gap,twoway_2cluster,OK,36566,234,251,True,,dense=2510;sparse=34056,abn_attention_intraday,5.957027351742254e-05,0.0001048165553130053,0.5683288612140762,0.5698152230144589,0.015787371656912574
H1-5 交易時段切法｜gap,twoway_2cluster,OK,36566,234,251,True,,dense=2510;sparse=34056,abn_attention_non_trading,0.0005663882764370157,0.00012085112541790952,4.686661166608216,2.787112975743966e-06,0.015787371656912574
H1-5 交易時段切法｜gap,twoway_2cluster,OK,36566,234,251,True,,dense=2510;sparse=34056,ret_lag1,0.0005035917545995269,0.00017743671561310108,2.8381485357157055,0.0045401387384313985,0.015787371656912574
H1-5 交易時段切法｜gap,twoway_2cluster,OK,36566,234,251,True,,dense=2510;sparse=34056,ret_lag4,0.00011061308097201358,0.00016653334517983585,0.6642098064658754,0.5065602835161367,0.015787371656912574
H1-5 交易時段切法｜gap,twoway_2cluster,OK,36566,234,251,True,,dense=2510;sparse=34056,ret_lag25,0.00029172206573479755,0.00017791552054075937,1.6396662013979033,0.10108331025592521,0.015787371656912574
H1-5 交易時段切法｜gap,twoway_2cluster,OK,36566,234,251,True,,dense=2510;sparse=34056,log_market_cap,0.00046362928204751324,0.0003985252981884446,1.163362236111505,0.24469026015852813,0.015787371656912574
H1-5 交易時段切法｜gap,twoway_2cluster,OK,36566,234,251,True,,dense=2510;sparse=34056,turnover,0.0004119496919471041,0.0001655030920536121,2.489075502067717,0.012812048480188354,0.015787371656912574
H1-5 交易時段切法｜gap,twoway_2cluster,OK,36566,234,251,True,,dense=2510;sparse=34056,amihud,-0.0003313047431455857,3.830373019566753e-05,-8.649411988158244,0.0,0.015787371656912574
H1-5 交易時段切法｜gap,twoway_2cluster,OK,36566,234,251,True,,dense=2510;sparse=34056,foreign_holding_pct,0.00021908155637378725,0.00040661270715195113,0.5387966301110124,0.5900305141760125,0.015787371656912574
H1-5 交易時段切法｜gap,twoway_2cluster,OK,36566,234,251,True,,dense=2510;sparse=34056,att_zero_base_intraday,-0.0003869927009849658,0.00018717239744340608,-2.067573564643675,0.03868725424832342,0.015787371656912574
H1-5 交易時段切法｜gap,twoway_2cluster,OK,36566,234,251,True,,dense=2510;sparse=34056,att_zero_base_non_trading,-0.0003523863013330786,0.00016903707360699227,-2.0846687286622667,0.037106397195963536,0.015787371656912574
H1-5 交易時段切法｜gap,firm_fe_1cluster,OK,36566,234,251,True,,dense=2510;sparse=34056,abn_attention_intraday,-9.449754908525585e-05,0.00010561530392558018,-0.8947334862743164,0.37093550260179464,0.023516041393968123
H1-5 交易時段切法｜gap,firm_fe_1cluster,OK,36566,234,251,True,,dense=2510;sparse=34056,abn_attention_non_trading,0.0005370105473081065,0.00010574150038218752,5.07852210690371,3.822606045034149e-07,0.023516041393968123
H1-5 交易時段切法｜gap,firm_fe_1cluster,OK,36566,234,251,True,,dense=2510;sparse=34056,ret_lag1,0.001545875690948425,0.00011833280856227806,13.063796167187538,0.0,0.023516041393968123
H1-5 交易時段切法｜gap,firm_fe_1cluster,OK,36566,234,251,True,,dense=2510;sparse=34056,ret_lag4,-0.00031093632948339623,0.0001178337295953182,-2.638771857186047,0.008324245570968225,0.023516041393968123
H1-5 交易時段切法｜gap,firm_fe_1cluster,OK,36566,234,251,True,,dense=2510;sparse=34056,ret_lag25,0.0006595571322435545,0.00012759789647679085,5.1690282555992075,2.365586007080367e-07,0.023516041393968123
H1-5 交易時段切法｜gap,firm_fe_1cluster,OK,36566,234,251,True,,dense=2510;sparse=34056,log_market_cap,0.0025549608228221717,0.0003622944121806524,7.052167344905615,1.7930101847696278e-12,0.023516041393968123
H1-5 交易時段切法｜gap,firm_fe_1cluster,OK,36566,234,251,True,,dense=2510;sparse=34056,turnover,0.00018655518999153567,0.00014604163690215585,1.2774109764088912,0.2014653567260991,0.023516041393968123
H1-5 交易時段切法｜gap,firm_fe_1cluster,OK,36566,234,251,True,,dense=2510;sparse=34056,amihud,-0.0004108417469853355,5.866548844288892e-05,-7.003124969892504,2.546629573885184e-12,0.023516041393968123
H1-5 交易時段切法｜gap,firm_fe_1cluster,OK,36566,234,251,True,,dense=2510;sparse=34056,foreign_holding_pct,-0.0022224104436700167,0.00047562537393113326,-4.672606983309944,2.984656988669343e-06,0.023516041393968123
H1-5 交易時段切法｜gap,firm_fe_1cluster,OK,36566,234,251,True,,dense=2510;sparse=34056,att_zero_base_intraday,-0.0002639507141242924,0.00020571960547738068,-1.2830605693209651,0.19947904360752067,0.023516041393968123
H1-5 交易時段切法｜gap,firm_fe_1cluster,OK,36566,234,251,True,,dense=2510;sparse=34056,att_zero_base_non_trading,-0.00034145185628115573,0.00020018888461621382,-1.705648427662505,0.08808210714573184,0.023516041393968123
H1-1 整週｜cc,twoway_2cluster,OK,36566,234,251,True,,dense=2510;sparse=34056,abn_attention_all,0.0007903445597341929,0.00037010836196273324,2.135440970700829,0.03273172234144606,0.001835524738205807
H1-1 整週｜cc,twoway_2cluster,OK,36566,234,251,True,,dense=2510;sparse=34056,ret_lag1,0.00010970165563890046,0.0006495987724860878,0.16887602053042655,0.865895107973901,0.001835524738205807
H1-1 整週｜cc,twoway_2cluster,OK,36566,234,251,True,,dense=2510;sparse=34056,ret_lag4,-0.00010614813197975356,0.0006596299340294637,-0.16092073222227699,0.8721567342891674,0.001835524738205807
H1-1 整週｜cc,twoway_2cluster,OK,36566,234,251,True,,dense=2510;sparse=34056,ret_lag25,-4.065815922134264e-05,0.0006550425924896962,-0.062069489354590626,0.9505078379817475,0.001835524738205807
H1-1 整週｜cc,twoway_2cluster,OK,36566,234,251,True,,dense=2510;sparse=34056,log_market_cap,-0.004330484500970062,0.0018108871275308816,-2.3913608060567615,0.016791139369111807,0.001835524738205807
H1-1 整週｜cc,twoway_2cluster,OK,36566,234,251,True,,dense=2510;sparse=34056,turnover,-0.0006296594023511961,0.0005691074038619432,-1.1063981914105299,0.2685615861781776,0.001835524738205807
H1-1 整週｜cc,twoway_2cluster,OK,36566,234,251,True,,dense=2510;sparse=34056,amihud,-0.0001260869393215007,6.598567781806245e-05,-1.910822825358423,0.05603527171111233,0.001835524738205807
H1-1 整週｜cc,twoway_2cluster,OK,36566,234,251,True,,dense=2510;sparse=34056,foreign_holding_pct,0.0038234030501262052,0.0015596389607199215,2.4514667473819336,0.014232241418943525,0.001835524738205807
H1-1 整週｜cc,twoway_2cluster,OK,36566,234,251,True,,dense=2510;sparse=34056,att_zero_base_all,0.00032725278410011203,0.0005841057934011549,0.5602628629902321,0.5753036335240271,0.001835524738205807
H1-1 整週｜cc,firm_fe_1cluster,OK,36566,234,251,True,,dense=2510;sparse=34056,abn_attention_all,0.0009191785015612734,0.00030002976426926094,3.063624383400705,0.002188333683719179,0.002280060240965498
H1-1 整週｜cc,firm_fe_1cluster,OK,36566,234,251,True,,dense=2510;sparse=34056,ret_lag1,0.00047325918577893544,0.0003815442814021285,1.2403781391763125,0.2148435749257378,0.002280060240965498
H1-1 整週｜cc,firm_fe_1cluster,OK,36566,234,251,True,,dense=2510;sparse=34056,ret_lag4,-0.0008851276269521537,0.0003968423246428649,-2.230426474163806,0.02572522721828996,0.002280060240965498
H1-1 整週｜cc,firm_fe_1cluster,OK,36566,234,251,True,,dense=2510;sparse=34056,ret_lag25,-0.00020528921846422942,0.00041869274656738823,-0.4903099472041804,0.6239175507885077,0.002280060240965498
H1-1 整週｜cc,firm_fe_1cluster,OK,36566,234,251,True,,dense=2510;sparse=34056,log_market_cap,-0.0063802066700457015,0.0015346545041754161,-4.157422177230598,3.225963492026196e-05,0.002280060240965498
H1-1 整週｜cc,firm_fe_1cluster,OK,36566,234,251,True,,dense=2510;sparse=34056,turnover,1.553142965591457e-05,0.0004275549765668042,0.03632615805487608,0.9710224922084563,0.002280060240965498
H1-1 整週｜cc,firm_fe_1cluster,OK,36566,234,251,True,,dense=2510;sparse=34056,amihud,-0.00015577113897438256,7.280189881884805e-05,-2.139657639452313,0.03238908852594036,0.002280060240965498
H1-1 整週｜cc,firm_fe_1cluster,OK,36566,234,251,True,,dense=2510;sparse=34056,foreign_holding_pct,0.006015848560704027,0.0014785607548917937,4.068719219552319,4.737206824723117e-05,0.002280060240965498
H1-1 整週｜cc,firm_fe_1cluster,OK,36566,234,251,True,,dense=2510;sparse=34056,att_zero_base_all,0.00017949645702643164,0.0006228054150993967,0.2882063204247909,0.7731904554007079,0.002280060240965498
H1-2 僅週間｜cc,twoway_2cluster,OK,36566,234,251,True,,dense=2510;sparse=34056,abn_attention_weekday,0.0005322491406634062,0.00033342912756472007,1.5962886762497805,0.1104331167622159,0.0015775538338392847
H1-2 僅週間｜cc,twoway_2cluster,OK,36566,234,251,True,,dense=2510;sparse=34056,ret_lag1,0.00011902575772496682,0.0006493423316558727,0.18330201485777464,0.8545620837513268,0.0015775538338392847
H1-2 僅週間｜cc,twoway_2cluster,OK,36566,234,251,True,,dense=2510;sparse=34056,ret_lag4,-8.512823041985337e-05,0.0006602487278948522,-0.12893357733725228,0.8974109263418428,0.0015775538338392847
H1-2 僅週間｜cc,twoway_2cluster,OK,36566,234,251,True,,dense=2510;sparse=34056,ret_lag25,-6.446769787873607e-05,0.0006556349957538642,-0.09832864062512348,0.9216718827746435,0.0015775538338392847
H1-2 僅週間｜cc,twoway_2cluster,OK,36566,234,251,True,,dense=2510;sparse=34056,log_market_cap,-0.004303788923285187,0.0018174233980461417,-2.368071704101567,0.01788631157187215,0.0015775538338392847
H1-2 僅週間｜cc,twoway_2cluster,OK,36566,234,251,True,,dense=2510;sparse=34056,turnover,-0.0005695422654940725,0.000565771275218985,-1.0066652204526076,0.3141024332472391,0.0015775538338392847
H1-2 僅週間｜cc,twoway_2cluster,OK,36566,234,251,True,,dense=2510;sparse=34056,amihud,-0.00012932846640014968,6.569230766409543e-05,-1.968700309044479,0.04899515963969381,0.0015775538338392847
H1-2 僅週間｜cc,twoway_2cluster,OK,36566,234,251,True,,dense=2510;sparse=34056,foreign_holding_pct,0.0038338357025317826,0.0015632477390182245,2.452481207450566,0.014192180843682456,0.0015775538338392847
H1-2 僅週間｜cc,twoway_2cluster,OK,36566,234,251,True,,dense=2510;sparse=34056,att_zero_base_weekday,0.0004880030303006638,0.0005786946684877462,0.8432824024038805,0.3990761138225749,0.0015775538338392847
H1-2 僅週間｜cc,firm_fe_1cluster,OK,36566,234,251,True,,dense=2510;sparse=34056,abn_attention_weekday,0.0005131362993836635,0.000285345485890741,1.7982982901651499,0.07213805044610933,0.0020283320177251207
H1-2 僅週間｜cc,firm_fe_1cluster,OK,36566,234,251,True,,dense=2510;sparse=34056,ret_lag1,0.0004836377728914803,0.0003807538309693699,1.2702111799116393,0.20401755268371935,0.0020283320177251207
H1-2 僅週間｜cc,firm_fe_1cluster,OK,36566,234,251,True,,dense=2510;sparse=34056,ret_lag4,-0.0008505218609608324,0.0003979038104498002,-2.1375061977903194,0.03256349882803833,0.0020283320177251207
H1-2 僅週間｜cc,firm_fe_1cluster,OK,36566,234,251,True,,dense=2510;sparse=34056,ret_lag25,-0.0002632364037147523,0.000420410513794133,-0.6261413429913747,0.5312261714453981,0.0020283320177251207
H1-2 僅週間｜cc,firm_fe_1cluster,OK,36566,234,251,True,,dense=2510;sparse=34056,log_market_cap,-0.006380660925382241,0.001543693260371195,-4.133373571798813,3.58278205390139e-05,0.0020283320177251207
H1-2 僅週間｜cc,firm_fe_1cluster,OK,36566,234,251,True,,dense=2510;sparse=34056,turnover,0.0001050993628150581,0.00042648562136416714,0.24643119849828643,0.8053498503807501,0.0020283320177251207
H1-2 僅週間｜cc,firm_fe_1cluster,OK,36566,234,251,True,,dense=2510;sparse=34056,amihud,-0.00015707300187567882,7.269438649862554e-05,-2.160730827250996,0.030722654290440854,0.0020283320177251207
H1-2 僅週間｜cc,firm_fe_1cluster,OK,36566,234,251,True,,dense=2510;sparse=34056,foreign_holding_pct,0.0060599210157136945,0.0014865444675734633,4.076515131501925,4.5812895729024916e-05,0.0020283320177251207
H1-2 僅週間｜cc,firm_fe_1cluster,OK,36566,234,251,True,,dense=2510;sparse=34056,att_zero_base_weekday,6.723861133713022e-05,0.0006115614854404262,0.10994579112304172,0.9124529739740441,0.0020283320177251207
H1-3 僅週末｜cc,twoway_2cluster,OK,36566,234,251,True,,dense=2510;sparse=34056,abn_attention_weekend,0.001489541364490766,0.0005789071176718521,2.5730230619397876,0.010085407605160857,0.002963610977947617
H1-3 僅週末｜cc,twoway_2cluster,OK,36566,234,251,True,,dense=2510;sparse=34056,ret_lag1,0.00013271382209314021,0.0006448701162624911,0.2057993055443737,0.8369488450217821,0.002963610977947617
H1-3 僅週末｜cc,twoway_2cluster,OK,36566,234,251,True,,dense=2510;sparse=34056,ret_lag4,-0.0001270435278972931,0.0006612502028177044,-0.19212625925245555,0.8476443876111626,0.002963610977947617
H1-3 僅週末｜cc,twoway_2cluster,OK,36566,234,251,True,,dense=2510;sparse=34056,ret_lag25,-9.66852031063998e-05,0.0006438604856385866,-0.15016483425055435,0.8806354090191468,0.002963610977947617
H1-3 僅週末｜cc,twoway_2cluster,OK,36566,234,251,True,,dense=2510;sparse=34056,log_market_cap,-0.004381856642449491,0.0017795457111610693,-2.4623456508967885,0.013807796566506658,0.002963610977947617
H1-3 僅週末｜cc,twoway_2cluster,OK,36566,234,251,True,,dense=2510;sparse=34056,turnover,-0.0005547864181632946,0.000569647934209091,-0.9739110507502667,0.33010723687393617,0.002963610977947617
H1-3 僅週末｜cc,twoway_2cluster,OK,36566,234,251,True,,dense=2510;sparse=34056,amihud,-0.00012441175017806057,6.272836139248025e-05,-1.9833413055322502,0.04733688837878902,0.002963610977947617
H1-3 僅週末｜cc,twoway_2cluster,OK,36566,234,251,True,,dense=2510;sparse=34056,foreign_holding_pct,0.0038664901743791506,0.001553644969480239,2.4886574798827157,0.012827117962283419,0.002963610977947617
H1-3 僅週末｜cc,twoway_2cluster,OK,36566,234,251,True,,dense=2510;sparse=34056,att_zero_base_weekend,-4.7991093162023325e-05,0.0007541314746064616,-0.0636375682198746,0.9492591698425652,0.002963610977947617
H1-3 僅週末｜cc,firm_fe_1cluster,OK,36566,234,251,True,,dense=2510;sparse=34056,abn_attention_weekend,0.0019023237627423027,0.00045711940209082344,4.161546751332898,3.168262895436591e-05,0.0034668124185865956
H1-3 僅週末｜cc,firm_fe_1cluster,OK,36566,234,251,True,,dense=2510;sparse=34056,ret_lag1,0.0005083046019199052,0.0003777030170506929,1.345778505792777,0.17838235910489164,0.0034668124185865956
H1-3 僅週末｜cc,firm_fe_1cluster,OK,36566,234,251,True,,dense=2510;sparse=34056,ret_lag4,-0.0009129097394372617,0.0003974093233972353,-2.29715229535456,0.021615742990273912,0.0034668124185865956
H1-3 僅週末｜cc,firm_fe_1cluster,OK,36566,234,251,True,,dense=2510;sparse=34056,ret_lag25,-0.0002545190908185085,0.0004051843259253252,-0.628156309445731,0.529905497679833,0.0034668124185865956
H1-3 僅週末｜cc,firm_fe_1cluster,OK,36566,234,251,True,,dense=2510;sparse=34056,log_market_cap,-0.0064235835110836624,0.0015121643211725147,-4.247940135304138,2.1628160449482792e-05,0.0034668124185865956
H1-3 僅週末｜cc,firm_fe_1cluster,OK,36566,234,251,True,,dense=2510;sparse=34056,turnover,8.175917803470255e-05,0.0004164261145297874,0.19633537662983006,0.8443487720255727,0.0034668124185865956
H1-3 僅週末｜cc,firm_fe_1cluster,OK,36566,234,251,True,,dense=2510;sparse=34056,amihud,-0.00015551268459348505,7.039403378046916e-05,-2.209174218918423,0.0271687422963236,0.0034668124185865956
H1-3 僅週末｜cc,firm_fe_1cluster,OK,36566,234,251,True,,dense=2510;sparse=34056,foreign_holding_pct,0.006053310246170487,0.0014786875640469485,4.0937047104146025,4.254522197255639e-05,0.0034668124185865956
H1-3 僅週末｜cc,firm_fe_1cluster,OK,36566,234,251,True,,dense=2510;sparse=34056,att_zero_base_weekend,-0.00020043073476731332,0.0006929896424573355,-0.2892261622505462,0.7724099630707801,0.0034668124185865956
H1-4 週間＋週末｜cc,twoway_2cluster,OK,36566,234,251,True,,dense=2510;sparse=34056,abn_attention_weekday,0.00035524816823095956,0.00029949789917279023,1.1861457766887544,0.23557254820294649,0.002984897546313592
H1-4 週間＋週末｜cc,twoway_2cluster,OK,36566,234,251,True,,dense=2510;sparse=34056,abn_attention_weekend,0.0014515431394300955,0.0005661287171810762,2.5639807615797374,0.010351941021770283,0.002984897546313592
H1-4 週間＋週末｜cc,twoway_2cluster,OK,36566,234,251,True,,dense=2510;sparse=34056,ret_lag1,0.00010663634603205907,0.0006448379702211889,0.1653692104940428,0.8686543131929687,0.002984897546313592
H1-4 週間＋週末｜cc,twoway_2cluster,OK,36566,234,251,True,,dense=2510;sparse=34056,ret_lag4,-0.0001503578751395493,0.0006583496830169948,-0.22838603711406047,0.8193474380385475,0.002984897546313592
H1-4 週間＋週末｜cc,twoway_2cluster,OK,36566,234,251,True,,dense=2510;sparse=34056,ret_lag25,-2.575864994811466e-05,0.0006503715015554275,-0.03960605574892244,0.9684074186301059,0.002984897546313592
H1-4 週間＋週末｜cc,twoway_2cluster,OK,36566,234,251,True,,dense=2510;sparse=34056,log_market_cap,-0.0043579310670154945,0.0017836351636256662,-2.443286136026246,0.014558953229172777,0.002984897546313592
H1-4 週間＋週末｜cc,twoway_2cluster,OK,36566,234,251,True,,dense=2510;sparse=34056,turnover,-0.0006201230491764273,0.0005660526362933297,-1.09552188156417,0.2732953789905148,0.002984897546313592
H1-4 週間＋週末｜cc,twoway_2cluster,OK,36566,234,251,True,,dense=2510;sparse=34056,amihud,-0.00012824609231739886,6.200031325689689e-05,-2.0684749089252836,0.03860249672792304,0.002984897546313592
H1-4 週間＋週末｜cc,twoway_2cluster,OK,36566,234,251,True,,dense=2510;sparse=34056,foreign_holding_pct,0.003830390169114742,0.0015492534041956026,2.472410361495086,0.013425112999470246,0.002984897546313592
H1-4 週間＋週末｜cc,twoway_2cluster,OK,36566,234,251,True,,dense=2510;sparse=34056,att_zero_base_weekday,0.0005152098846201511,0.00057465812268288,0.8965502518520304,0.36996493742584313,0.002984897546313592
H1-4 週間＋週末｜cc,twoway_2cluster,OK,36566,234,251,True,,dense=2510;sparse=34056,att_zero_base_weekend,-0.00010435552752745402,0.000751752177655725,-0.1388163953882752,0.8895960127159319,0.002984897546313592
H1-4 週間＋週末｜cc,firm_fe_1cluster,OK,36566,234,251,True,,dense=2510;sparse=34056,abn_attention_weekday,0.0002805275465689132,0.00026898678422756876,1.0429045701054989,0.2969994341117579,0.0035017052136617766
H1-4 週間＋週末｜cc,firm_fe_1cluster,OK,36566,234,251,True,,dense=2510;sparse=34056,abn_attention_weekend,0.0018700694907740486,0.0004546014134103507,4.113646450733779,3.903150010575729e-05,0.0035017052136617766
H1-4 週間＋週末｜cc,firm_fe_1cluster,OK,36566,234,251,True,,dense=2510;sparse=34056,ret_lag1,0.0004971936125895733,0.000377243505455638,1.3179646710923718,0.18752378685877202,0.0035017052136617766
H1-4 週間＋週末｜cc,firm_fe_1cluster,OK,36566,234,251,True,,dense=2510;sparse=34056,ret_lag4,-0.0009324716488122797,0.00039614821523721865,-2.3538453865150033,0.018585634426318,0.0035017052136617766
H1-4 週間＋週末｜cc,firm_fe_1cluster,OK,36566,234,251,True,,dense=2510;sparse=34056,ret_lag25,-0.0002159934401857478,0.00041748639315195517,-0.5173664189508838,0.6049035476226066,0.0035017052136617766
H1-4 週間＋週末｜cc,firm_fe_1cluster,OK,36566,234,251,True,,dense=2510;sparse=34056,log_market_cap,-0.006414874157363131,0.0015186131958585072,-4.224165952763669,2.4041117634876485e-05,0.0035017052136617766
H1-4 週間＋週末｜cc,firm_fe_1cluster,OK,36566,234,251,True,,dense=2510;sparse=34056,turnover,2.0276200954452694e-05,0.00042803583039136575,0.04737033564669941,0.9622183316373605,0.0035017052136617766
H1-4 週間＋週末｜cc,firm_fe_1cluster,OK,36566,234,251,True,,dense=2510;sparse=34056,amihud,-0.0001562122648760952,6.94622121678161e-05,-2.248881226222636,0.0245260210622813,0.0035017052136617766
H1-4 週間＋週末｜cc,firm_fe_1cluster,OK,36566,234,251,True,,dense=2510;sparse=34056,foreign_holding_pct,0.006017247539288244,0.0014745528963754785,4.080726811550082,4.499094563992223e-05,0.0035017052136617766
H1-4 週間＋週末｜cc,firm_fe_1cluster,OK,36566,234,251,True,,dense=2510;sparse=34056,att_zero_base_weekday,0.00010921102594249817,0.0006182664592517609,0.17664070937095255,0.8597916002718098,0.0035017052136617766
H1-4 週間＋週末｜cc,firm_fe_1cluster,OK,36566,234,251,True,,dense=2510;sparse=34056,att_zero_base_weekend,-0.00021893484551970685,0.0006997296811421998,-0.31288489172322914,0.7543699127870709,0.0035017052136617766
H1-5 交易時段切法｜cc,twoway_2cluster,OK,36566,234,251,True,,dense=2510;sparse=34056,abn_attention_intraday,0.0004946703430979044,0.00037923050286798856,1.30440547202001,0.19210369310902387,0.001919088846007444
H1-5 交易時段切法｜cc,twoway_2cluster,OK,36566,234,251,True,,dense=2510;sparse=34056,abn_attention_non_trading,0.0007125423597838552,0.0003874495118691666,1.8390586075237216,0.06591478085589664,0.001919088846007444
H1-5 交易時段切法｜cc,twoway_2cluster,OK,36566,234,251,True,,dense=2510;sparse=34056,ret_lag1,9.912746781315783e-05,0.0006466353921157022,0.15329731255325565,0.8781646774101066,0.001919088846007444
H1-5 交易時段切法｜cc,twoway_2cluster,OK,36566,234,251,True,,dense=2510;sparse=34056,ret_lag4,-0.00012340643392318802,0.0006592897485019328,-0.18718087791232543,0.8515198698368671,0.001919088846007444
H1-5 交易時段切法｜cc,twoway_2cluster,OK,36566,234,251,True,,dense=2510;sparse=34056,ret_lag25,-1.9276143146223902e-05,0.0006570760821640971,-0.029336242285273,0.9765965844662798,0.001919088846007444
H1-5 交易時段切法｜cc,twoway_2cluster,OK,36566,234,251,True,,dense=2510;sparse=34056,log_market_cap,-0.004346166190302344,0.0017944425254217545,-2.4220147085963917,0.015439621529431458,0.001919088846007444
H1-5 交易時段切法｜cc,twoway_2cluster,OK,36566,234,251,True,,dense=2510;sparse=34056,turnover,-0.0006715542285436265,0.0005718279988922462,-1.1743989973288673,0.24024299980038677,0.001919088846007444
H1-5 交易時段切法｜cc,twoway_2cluster,OK,36566,234,251,True,,dense=2510;sparse=34056,amihud,-0.00012694277372711713,6.501803686381455e-05,-1.9524239711052622,0.05089561378624752,0.001919088846007444
H1-5 交易時段切法｜cc,twoway_2cluster,OK,36566,234,251,True,,dense=2510;sparse=34056,foreign_holding_pct,0.0038059353701220956,0.0015616446108790464,2.437132842907032,0.01480903907110731,0.001919088846007444
H1-5 交易時段切法｜cc,twoway_2cluster,OK,36566,234,251,True,,dense=2510;sparse=34056,att_zero_base_intraday,-6.1012733430882895e-06,0.0006295104114532214,-0.009692092826556328,0.9922670034407048,0.001919088846007444
H1-5 交易時段切法｜cc,twoway_2cluster,OK,36566,234,251,True,,dense=2510;sparse=34056,att_zero_base_non_trading,0.0002822758916541183,0.0005338735160412984,0.528731774797914,0.5969947848132224,0.001919088846007444
H1-5 交易時段切法｜cc,firm_fe_1cluster,OK,36566,234,251,True,,dense=2510;sparse=34056,abn_attention_intraday,0.0006542387647066178,0.00034981677079328675,1.870232702746032,0.061459547106003765,0.002370870578486506
H1-5 交易時段切法｜cc,firm_fe_1cluster,OK,36566,234,251,True,,dense=2510;sparse=34056,abn_attention_non_trading,0.00070484006857559,0.0003258759305227167,2.1629092625681228,0.03055466242710292,0.002370870578486506
H1-5 交易時段切法｜cc,firm_fe_1cluster,OK,36566,234,251,True,,dense=2510;sparse=34056,ret_lag1,0.0004706091740773857,0.0003794295541079714,1.2403071109834212,0.2148698354187899,0.002370870578486506
H1-5 交易時段切法｜cc,firm_fe_1cluster,OK,36566,234,251,True,,dense=2510;sparse=34056,ret_lag4,-0.0008982058587313387,0.0003969986587227948,-2.2624909152615373,0.02367297045765704,0.002370870578486506
H1-5 交易時段切法｜cc,firm_fe_1cluster,OK,36566,234,251,True,,dense=2510;sparse=34056,ret_lag25,-0.00020689554848629362,0.00042402586508566003,-0.487931434193283,0.6256013535171157,0.002370870578486506
H1-5 交易時段切法｜cc,firm_fe_1cluster,OK,36566,234,251,True,,dense=2510;sparse=34056,log_market_cap,-0.00640151542171155,0.0015288940614148342,-4.1870235376462945,2.8330189042247156e-05,0.002370870578486506
H1-5 交易時段切法｜cc,firm_fe_1cluster,OK,36566,234,251,True,,dense=2510;sparse=34056,turnover,-2.7305098857151835e-05,0.0004393654528557617,-0.06214666783579765,0.9504463751958345,0.002370870578486506
H1-5 交易時段切法｜cc,firm_fe_1cluster,OK,36566,234,251,True,,dense=2510;sparse=34056,amihud,-0.00015644141972856777,7.190620275643757e-05,-2.175631777671113,0.02958923046268369,0.002370870578486506
H1-5 交易時段切法｜cc,firm_fe_1cluster,OK,36566,234,251,True,,dense=2510;sparse=34056,foreign_holding_pct,0.0060034311169255864,0.0014798540940865808,4.056772313510488,4.985942266455545e-05,0.002370870578486506
H1-5 交易時段切法｜cc,firm_fe_1cluster,OK,36566,234,251,True,,dense=2510;sparse=34056,att_zero_base_intraday,-7.92030132361705e-05,0.0006121615768632673,-0.12938252943284828,0.8970556874017261,0.002370870578486506
H1-5 交易時段切法｜cc,firm_fe_1cluster,OK,36566,234,251,True,,dense=2510;sparse=34056,att_zero_base_non_trading,8.239081287678542e-06,0.0006256624839750852,0.013168571711911424,0.98949337593384,0.002370870578486506
H8-users 獨立帳號數｜oc,twoway_2cluster,SKIPPED,0,0,0,True,此規格的語料無此測度（缺欄位：abn_attention_users_weekday;abn_attention_users_weekend）,,,,,,,
H8-users 獨立帳號數｜oc,firm_fe_1cluster,SKIPPED,0,0,0,True,此規格的語料無此測度（缺欄位：abn_attention_users_weekday;abn_attention_users_weekend）,,,,,,,
H8-comments 留言則數｜oc,twoway_2cluster,SKIPPED,0,0,0,True,此規格的語料無此測度（缺欄位：abn_attention_comment_weekday;abn_attention_comment_weekend）,,,,,,,
H8-comments 留言則數｜oc,firm_fe_1cluster,SKIPPED,0,0,0,True,此規格的語料無此測度（缺欄位：abn_attention_comment_weekday;abn_attention_comment_weekend）,,,,,,,
H1-R medianbase｜oc,twoway_2cluster,OK,36566,234,251,True,,dense=2510;sparse=34056,abn_attention_weekday_medianbase,4.101697838849628e-05,0.0002781397210619477,0.14746897074568116,0.8827626938623085,0.004922182291553945
H1-R medianbase｜oc,twoway_2cluster,OK,36566,234,251,True,,dense=2510;sparse=34056,abn_attention_weekend_medianbase,0.0008435287848910231,0.0004753555649966149,1.7745217412086678,0.07598532122159041,0.004922182291553945
H1-R medianbase｜oc,twoway_2cluster,OK,36566,234,251,True,,dense=2510;sparse=34056,ret_lag1,-0.000413806536291045,0.000665484755004714,-0.6218121950639032,0.5340692962193816,0.004922182291553945
H1-R medianbase｜oc,twoway_2cluster,OK,36566,234,251,True,,dense=2510;sparse=34056,ret_lag4,-0.00022170192908299238,0.0006545861637070801,-0.33869021585705483,0.7348450834096909,0.004922182291553945
H1-R medianbase｜oc,twoway_2cluster,OK,36566,234,251,True,,dense=2510;sparse=34056,ret_lag25,-0.00038154758257751475,0.0006525115698530785,-0.5847368846860833,0.5587283058558847,0.004922182291553945
H1-R medianbase｜oc,twoway_2cluster,OK,36566,234,251,True,,dense=2510;sparse=34056,log_market_cap,-0.004992021226991191,0.0016612021842348915,-3.005065412486435,0.0026570613728533754,0.004922182291553945
H1-R medianbase｜oc,twoway_2cluster,OK,36566,234,251,True,,dense=2510;sparse=34056,turnover,-0.001081951435296769,0.0005573212160869356,-1.941342629827315,0.05222450926617639,0.004922182291553945
H1-R medianbase｜oc,twoway_2cluster,OK,36566,234,251,True,,dense=2510;sparse=34056,amihud,0.00022911574476131244,7.273156379972576e-05,3.1501556242102464,0.0016331675314325,0.004922182291553945
H1-R medianbase｜oc,twoway_2cluster,OK,36566,234,251,True,,dense=2510;sparse=34056,foreign_holding_pct,0.0036442977835380165,0.0014223472858908399,2.5621715734884902,0.010406015379977651,0.004922182291553945
H1-R medianbase｜oc,firm_fe_1cluster,OK,36566,234,251,True,,dense=2510;sparse=34056,abn_attention_weekday_medianbase,-2.1741490934098713e-05,0.0002557025134157619,-0.08502650460360525,0.9322407879864665,0.0065258048770024946
H1-R medianbase｜oc,firm_fe_1cluster,OK,36566,234,251,True,,dense=2510;sparse=34056,abn_attention_weekend_medianbase,0.0015690660448226114,0.0004234897691986851,3.7050860704180697,0.00021163223552056465,0.0065258048770024946
H1-R medianbase｜oc,firm_fe_1cluster,OK,36566,234,251,True,,dense=2510;sparse=34056,ret_lag1,-0.001151503196876808,0.0003612243248579907,-3.1877786672575334,0.0014349168363700926,0.0065258048770024946
H1-R medianbase｜oc,firm_fe_1cluster,OK,36566,234,251,True,,dense=2510;sparse=34056,ret_lag4,-0.0005695177777314105,0.0003762991747244587,-1.5134707062497124,0.1301688372202603,0.0065258048770024946
H1-R medianbase｜oc,firm_fe_1cluster,OK,36566,234,251,True,,dense=2510;sparse=34056,ret_lag25,-0.0009455849127716417,0.00038490343979926506,-2.456680858099848,0.014027362928644038,0.0065258048770024946
H1-R medianbase｜oc,firm_fe_1cluster,OK,36566,234,251,True,,dense=2510;sparse=34056,log_market_cap,-0.009222435678108145,0.001502731059481549,-6.137116565149015,8.490015357409675e-10,0.0065258048770024946
H1-R medianbase｜oc,firm_fe_1cluster,OK,36566,234,251,True,,dense=2510;sparse=34056,turnover,-0.000168478812202109,0.0004174723517487131,-0.40356879083460967,0.686532215039851,0.0065258048770024946
H1-R medianbase｜oc,firm_fe_1cluster,OK,36566,234,251,True,,dense=2510;sparse=34056,amihud,0.0002797660832431709,9.035610118378343e-05,3.096261122136395,0.001961268517235215,0.0065258048770024946
H1-R medianbase｜oc,firm_fe_1cluster,OK,36566,234,251,True,,dense=2510;sparse=34056,foreign_holding_pct,0.008280941502357062,0.0014265785690824111,5.804756696775168,6.4994671866713816e-09,0.0065258048770024946
H2-high_effort｜oc（dense）,twoway_2cluster,OK,2510,21,251,True,,dense=2510,abn_attention_high_effort_weekday,-0.0007049691329757987,0.0010967684289041187,-0.6427693525790104,0.5204398521785327,0.025593663119490406
H2-high_effort｜oc（dense）,twoway_2cluster,OK,2510,21,251,True,,dense=2510,abn_attention_high_effort_weekend,-0.0011417562315422308,0.001455451926782129,-0.7844685286628115,0.43284856301072816,0.025593663119490406
H2-high_effort｜oc（dense）,twoway_2cluster,OK,2510,21,251,True,,dense=2510,ret_lag1,0.0016344364891002522,0.001527416878480253,1.0700657509601972,0.2847055191456056,0.025593663119490406
H2-high_effort｜oc（dense）,twoway_2cluster,OK,2510,21,251,True,,dense=2510,ret_lag4,-0.0009655009818357193,0.001322880991455263,-0.7298471956828102,0.46556024892470127,0.025593663119490406
H2-high_effort｜oc（dense）,twoway_2cluster,OK,2510,21,251,True,,dense=2510,ret_lag25,-0.0013638247431214377,0.0017172248808174238,-0.7942027618841846,0.4271619070131947,0.025593663119490406
H2-high_effort｜oc（dense）,twoway_2cluster,OK,2510,21,251,True,,dense=2510,log_market_cap,-0.039753376827909345,0.013077590679012768,-3.0398089222739264,0.002394797580328234,0.025593663119490406
H2-high_effort｜oc（dense）,twoway_2cluster,OK,2510,21,251,True,,dense=2510,turnover,-0.00261541085420431,0.0032053216932780345,-0.8159589284561227,0.4146107726387651,0.025593663119490406
H2-high_effort｜oc（dense）,twoway_2cluster,OK,2510,21,251,True,,dense=2510,amihud,-0.0008165237540478374,0.0008218144649803009,-0.9935621589082271,0.32054386884640373,0.025593663119490406
H2-high_effort｜oc（dense）,twoway_2cluster,OK,2510,21,251,True,,dense=2510,foreign_holding_pct,0.003465535098884105,0.007029367519064779,0.49300809631663367,0.6220554079165028,0.025593663119490406
H2-high_effort｜oc（dense）,firm_fe_1cluster,OK,2510,21,251,True,,dense=2510,abn_attention_high_effort_weekday,-0.000774731383129601,0.001353603943378092,-0.5723471676627652,0.5671386791736879,0.02820710094086265
H2-high_effort｜oc（dense）,firm_fe_1cluster,OK,2510,21,251,True,,dense=2510,abn_attention_high_effort_weekend,-0.0012843199962771505,0.001287856696339923,-0.9972538093152571,0.31873861893763045,0.02820710094086265
H2-high_effort｜oc（dense）,firm_fe_1cluster,OK,2510,21,251,True,,dense=2510,ret_lag1,0.00037680328643622206,0.0010151641399964895,0.3711747407050106,0.7105390899211406,0.02820710094086265
H2-high_effort｜oc（dense）,firm_fe_1cluster,OK,2510,21,251,True,,dense=2510,ret_lag4,-0.0010980358788509111,0.0008050690053557927,-1.3639028102512087,0.17272192898524152,0.02820710094086265
H2-high_effort｜oc（dense）,firm_fe_1cluster,OK,2510,21,251,True,,dense=2510,ret_lag25,-0.0022720413795994767,0.0008684010013991467,-2.6163504831740387,0.008941460547192026,0.02820710094086265
H2-high_effort｜oc（dense）,firm_fe_1cluster,OK,2510,21,251,True,,dense=2510,log_market_cap,-0.047669807590237735,0.009465837394771866,-5.03598420321128,5.095691899548171e-07,0.02820710094086265
H2-high_effort｜oc（dense）,firm_fe_1cluster,OK,2510,21,251,True,,dense=2510,turnover,0.00015693920410006344,0.003026327344244777,0.05185797379074595,0.9586460376688495,0.02820710094086265
H2-high_effort｜oc（dense）,firm_fe_1cluster,OK,2510,21,251,True,,dense=2510,amihud,-0.0007217614395508473,0.0006610396835942641,-1.091857958702905,0.2750015978313889,0.02820710094086265
H2-high_effort｜oc（dense）,firm_fe_1cluster,OK,2510,21,251,True,,dense=2510,foreign_holding_pct,0.006400496006749632,0.007025473476545303,0.9110412313302197,0.36236219042957707,0.02820710094086265
H2-mid_effort｜oc（dense）,twoway_2cluster,OK,2510,21,251,True,,dense=2510,abn_attention_mid_effort_weekday,0.002219331446605966,0.0013230772942583167,1.6774012041753512,0.09360419403381082,0.022856208993851435
H2-mid_effort｜oc（dense）,twoway_2cluster,OK,2510,21,251,True,,dense=2510,abn_attention_mid_effort_weekend,-0.00015864948476156348,0.0008412238399392008,-0.18859366226833257,0.8504284610499897,0.022856208993851435
H2-mid_effort｜oc（dense）,twoway_2cluster,OK,2510,21,251,True,,dense=2510,ret_lag1,0.0014982893710271635,0.0015231988477718327,0.9836466021615581,0.32539600969163796,0.022856208993851435
H2-mid_effort｜oc（dense）,twoway_2cluster,OK,2510,21,251,True,,dense=2510,ret_lag4,-0.001425949062642782,0.0013153775229285383,-1.0840606881194599,0.278455080297781,0.022856208993851435
H2-mid_effort｜oc（dense）,twoway_2cluster,OK,2510,21,251,True,,dense=2510,ret_lag25,-0.0009135774651221596,0.0017283075895610988,-0.5285965707956888,0.5971379420773046,0.022856208993851435
H2-mid_effort｜oc（dense）,twoway_2cluster,OK,2510,21,251,True,,dense=2510,log_market_cap,-0.03895914825206121,0.01281385578323712,-3.040392284032644,0.00239018272718039,0.022856208993851435
H2-mid_effort｜oc（dense）,twoway_2cluster,OK,2510,21,251,True,,dense=2510,turnover,-0.0031536482032826114,0.0031878392939453117,-0.9892745249964012,0.3226361697053419,0.022856208993851435
H2-mid_effort｜oc（dense）,twoway_2cluster,OK,2510,21,251,True,,dense=2510,amihud,-0.0008678648534841568,0.0007883174336879903,-1.1009078531017884,0.27105558054797885,0.022856208993851435
H2-mid_effort｜oc（dense）,twoway_2cluster,OK,2510,21,251,True,,dense=2510,foreign_holding_pct,0.0027124107628605236,0.0070093580972756964,0.3869699229541072,0.6988153987454324,0.022856208993851435
H2-mid_effort｜oc（dense）,firm_fe_1cluster,OK,2510,21,251,True,,dense=2510,abn_attention_mid_effort_weekday,5.492328432427646e-06,0.001270484333795758,0.004323019407896602,0.9965510879963995,0.027159946065912877
H2-mid_effort｜oc（dense）,firm_fe_1cluster,OK,2510,21,251,True,,dense=2510,abn_attention_mid_effort_weekend,-0.00023986278709976425,0.001184900564205034,-0.20243284064995906,0.8395949613654912,0.027159946065912877
H2-mid_effort｜oc（dense）,firm_fe_1cluster,OK,2510,21,251,True,,dense=2510,ret_lag1,0.0003023827220347197,0.0010071908604436612,0.3002238541973286,0.7640315735577121,0.027159946065912877
H2-mid_effort｜oc（dense）,firm_fe_1cluster,OK,2510,21,251,True,,dense=2510,ret_lag4,-0.0012927488275720628,0.0006730957062399622,-1.9206018038557966,0.05489647317573221,0.027159946065912877
H2-mid_effort｜oc（dense）,firm_fe_1cluster,OK,2510,21,251,True,,dense=2510,ret_lag25,-0.0021285809343824656,0.0009286665878750422,-2.2920830383841473,0.021984263311324526,0.027159946065912877
H2-mid_effort｜oc（dense）,firm_fe_1cluster,OK,2510,21,251,True,,dense=2510,log_market_cap,-0.04733293938954081,0.009156929119604322,-5.169084391862815,2.540061418976336e-07,0.027159946065912877
H2-mid_effort｜oc（dense）,firm_fe_1cluster,OK,2510,21,251,True,,dense=2510,turnover,1.4311395859169216e-05,0.0030234643359064077,0.004733442921488534,0.996223653781666,0.027159946065912877
H2-mid_effort｜oc（dense）,firm_fe_1cluster,OK,2510,21,251,True,,dense=2510,amihud,-0.0007492294728016227,0.0006609506031375957,-1.1335634905921241,0.25708726199122167,0.027159946065912877
H2-mid_effort｜oc（dense）,firm_fe_1cluster,OK,2510,21,251,True,,dense=2510,foreign_holding_pct,0.006204111984787996,0.007084546698922133,0.875724622682198,0.3812645644674659,0.027159946065912877
H2-low_effort｜oc（dense）,twoway_2cluster,OK,2510,21,251,True,,dense=2510,abn_attention_low_effort_weekday,-0.00020771101649992826,0.0013480358450518632,-0.15408419387537647,0.877557293495083,0.02445722113433435
H2-low_effort｜oc（dense）,twoway_2cluster,OK,2510,21,251,True,,dense=2510,abn_attention_low_effort_weekend,0.00023443938841861457,0.0009568969433834625,0.24499962095151806,0.8064792670883958,0.02445722113433435
H2-low_effort｜oc（dense）,twoway_2cluster,OK,2510,21,251,True,,dense=2510,ret_lag1,0.001509060182770415,0.0015057637003594588,1.0021892428474461,0.3163609343487239,0.02445722113433435
H2-low_effort｜oc（dense）,twoway_2cluster,OK,2510,21,251,True,,dense=2510,ret_lag4,-0.0011176193430977293,0.0013061212932071458,-0.8556780667386908,0.3922678027676403,0.02445722113433435
H2-low_effort｜oc（dense）,twoway_2cluster,OK,2510,21,251,True,,dense=2510,ret_lag25,-0.0012269811297866832,0.0017214767605786678,-0.7127491685535379,0.4760755553892495,0.02445722113433435
H2-low_effort｜oc（dense）,twoway_2cluster,OK,2510,21,251,True,,dense=2510,log_market_cap,-0.039533482347799125,0.012932108917450617,-3.0570019631100194,0.0022621567236786877,0.02445722113433435
H2-low_effort｜oc（dense）,twoway_2cluster,OK,2510,21,251,True,,dense=2510,turnover,-0.0026970168590275596,0.003289538507685055,-0.8198769683731503,0.4123738678064237,0.02445722113433435
H2-low_effort｜oc（dense）,twoway_2cluster,OK,2510,21,251,True,,dense=2510,amihud,-0.000816952756919483,0.0008129518026821891,-1.0049215146877015,0.3150436712198097,0.02445722113433435
H2-low_effort｜oc（dense）,twoway_2cluster,OK,2510,21,251,True,,dense=2510,foreign_holding_pct,0.003393948350925243,0.00706281651775597,0.480537522444882,0.630892365561841,0.02445722113433435
H2-low_effort｜oc（dense）,firm_fe_1cluster,OK,2510,21,251,True,,dense=2510,abn_attention_low_effort_weekday,-0.0003444932348161247,0.001331297443063624,-0.2587650390309215,0.7958380084109935,0.02783662594854963
H2-low_effort｜oc（dense）,firm_fe_1cluster,OK,2510,21,251,True,,dense=2510,abn_attention_low_effort_weekend,-0.0012017456962728212,0.0010488763614077928,-1.1457458099826452,0.25201088809416916,0.02783662594854963
H2-low_effort｜oc（dense）,firm_fe_1cluster,OK,2510,21,251,True,,dense=2510,ret_lag1,0.0003182930360599906,0.0009782162719655155,0.3253810483242618,0.7449201451561354,0.02783662594854963
H2-low_effort｜oc（dense）,firm_fe_1cluster,OK,2510,21,251,True,,dense=2510,ret_lag4,-0.0012610360181055376,0.0007033072240949742,-1.7930087661594218,0.07309333938331108,0.02783662594854963
H2-low_effort｜oc（dense）,firm_fe_1cluster,OK,2510,21,251,True,,dense=2510,ret_lag25,-0.002232092095909115,0.0009204502743034559,-2.4250001963422028,0.015379362699873278,0.02783662594854963
H2-low_effort｜oc（dense）,firm_fe_1cluster,OK,2510,21,251,True,,dense=2510,log_market_cap,-0.047623361829266395,0.009222167510491375,-5.164009629524603,2.609183162860518e-07,0.02783662594854963
H2-low_effort｜oc（dense）,firm_fe_1cluster,OK,2510,21,251,True,,dense=2510,turnover,0.00032764168984796867,0.003036740488625631,0.10789255488744541,0.9140896506167719,0.02783662594854963
H2-low_effort｜oc（dense）,firm_fe_1cluster,OK,2510,21,251,True,,dense=2510,amihud,-0.0007113243279736628,0.000641055193569664,-1.1096147962123368,0.26727263469278606,0.02783662594854963
H2-low_effort｜oc（dense）,firm_fe_1cluster,OK,2510,21,251,True,,dense=2510,foreign_holding_pct,0.006425027642322281,0.007076443526111039,0.9079458655488271,0.3639950402029164,0.02783662594854963
H2-同時 三層週末｜oc（dense）,twoway_2cluster,OK,2510,21,251,True,,dense=2510,abn_attention_high_effort_weekend,-0.001356907806545755,0.0014216787646676556,-0.9544405109426798,0.33996420134171323,0.025018738515740657
H2-同時 三層週末｜oc（dense）,twoway_2cluster,OK,2510,21,251,True,,dense=2510,abn_attention_mid_effort_weekend,0.0004782055977159998,0.0007855529149774415,0.608750331898052,0.5427519708716826,0.025018738515740657
H2-同時 三層週末｜oc（dense）,twoway_2cluster,OK,2510,21,251,True,,dense=2510,abn_attention_low_effort_weekend,0.00029851032203667395,0.0009706630994753817,0.3075323685406513,0.758466919929293,0.025018738515740657
H2-同時 三層週末｜oc（dense）,twoway_2cluster,OK,2510,21,251,True,,dense=2510,ret_lag1,0.001599074114324698,0.0015126071911538467,1.057164162431948,0.2905512296265427,0.025018738515740657
H2-同時 三層週末｜oc（dense）,twoway_2cluster,OK,2510,21,251,True,,dense=2510,ret_lag4,-0.0010461074770716943,0.0013190239776260998,-0.7930920853724098,0.42780858261038723,0.025018738515740657
H2-同時 三層週末｜oc（dense）,twoway_2cluster,OK,2510,21,251,True,,dense=2510,ret_lag25,-0.0012275483741722528,0.001737432831325705,-0.7065299745922279,0.4799324640664042,0.025018738515740657
H2-同時 三層週末｜oc（dense）,twoway_2cluster,OK,2510,21,251,True,,dense=2510,log_market_cap,-0.03945234790581152,0.012831798241189742,-3.0745767011182035,0.002133573894904206,0.025018738515740657
H2-同時 三層週末｜oc（dense）,twoway_2cluster,OK,2510,21,251,True,,dense=2510,turnover,-0.0028213532743017497,0.0031007671438122095,-0.9098887931433197,0.3629795365597497,0.025018738515740657
H2-同時 三層週末｜oc（dense）,twoway_2cluster,OK,2510,21,251,True,,dense=2510,amihud,-0.0008325122705386826,0.0008083152542103929,-1.029935122716355,0.30315220379168606,0.025018738515740657
H2-同時 三層週末｜oc（dense）,twoway_2cluster,OK,2510,21,251,True,,dense=2510,foreign_holding_pct,0.003280623605564656,0.0070287167923092485,0.46674573787839646,0.6407274173073763,0.025018738515740657
H2-同時 三層週末｜oc（dense）,firm_fe_1cluster,OK,2510,21,251,True,,dense=2510,abn_attention_high_effort_weekend,-0.0012895510557681558,0.0011701897045656635,-1.102001710266965,0.27056790544248255,0.028462262828614082
H2-同時 三層週末｜oc（dense）,firm_fe_1cluster,OK,2510,21,251,True,,dense=2510,abn_attention_mid_effort_weekend,0.00020557765956127214,0.0009743469666986249,0.21099019814043238,0.8329122616557156,0.028462262828614082
H2-同時 三層週末｜oc（dense）,firm_fe_1cluster,OK,2510,21,251,True,,dense=2510,abn_attention_low_effort_weekend,-0.001106553225705272,0.0009589157651287153,-1.1539629088867251,0.2486266125844936,0.028462262828614082
H2-同時 三層週末｜oc（dense）,firm_fe_1cluster,OK,2510,21,251,True,,dense=2510,ret_lag1,0.0003620526918671735,0.0010105047329683435,0.35828896199590154,0.7201575838932988,0.028462262828614082
H2-同時 三層週末｜oc（dense）,firm_fe_1cluster,OK,2510,21,251,True,,dense=2510,ret_lag4,-0.0012001493130554207,0.0006578038163590781,-1.8244790972758513,0.06819998360467094,0.028462262828614082
H2-同時 三層週末｜oc（dense）,firm_fe_1cluster,OK,2510,21,251,True,,dense=2510,ret_lag25,-0.00223123508480287,0.000897076833269326,-2.4872285205173665,0.012939565181018908,0.028462262828614082
H2-同時 三層週末｜oc（dense）,firm_fe_1cluster,OK,2510,21,251,True,,dense=2510,log_market_cap,-0.04761536333286745,0.009199045138052213,-5.176120197074001,2.447225775359385e-07,0.028462262828614082
H2-同時 三層週末｜oc（dense）,firm_fe_1cluster,OK,2510,21,251,True,,dense=2510,turnover,0.0001869209670352473,0.002860628989851982,0.0653426109077218,0.9479064848902634,0.028462262828614082
H2-同時 三層週末｜oc（dense）,firm_fe_1cluster,OK,2510,21,251,True,,dense=2510,amihud,-0.0007186523078379876,0.0006370418672743179,-1.1281084411497986,0.259383290942653,0.028462262828614082
H2-同時 三層週末｜oc（dense）,firm_fe_1cluster,OK,2510,21,251,True,,dense=2510,foreign_holding_pct,0.006453992560793389,0.007161141365839004,0.9012519417059761,0.3675419282998993,0.028462262828614082
