moderator,inference,interaction_t_next_week,interaction_t_cum2_8,verdict
log_att_mean_level_52,twoway_2cluster,1.649,2.561,交互項不顯著為負 → H6 未獲支持，反轉檢定不具判別力
log_att_mean_level_52,firm_fe_1cluster,1.137,3.494,交互項不顯著為負 → H6 未獲支持，反轉檢定不具判別力
log_market_cap,twoway_2cluster,1.141,1.436,交互項不顯著為負 → H6 未獲支持，反轉檢定不具判別力
log_market_cap,firm_fe_1cluster,0.478,1.95,交互項不顯著為負 → H6 未獲支持，反轉檢定不具判別力
turnover,twoway_2cluster,2.252,0.947,交互項不顯著為負 → H6 未獲支持，反轉檢定不具判別力
turnover,firm_fe_1cluster,2.359,0.939,交互項不顯著為負 → H6 未獲支持，反轉檢定不具判別力
amihud,twoway_2cluster,-4.019,-1.781,交互項顯著為負 ＋ 後續週無反轉 → 支持資訊處理
amihud,firm_fe_1cluster,-2.051,-0.584,交互項顯著為負 ＋ 後續週無反轉 → 支持資訊處理
foreign_holding_pct,twoway_2cluster,0.42,-0.244,交互項不顯著為負 → H6 未獲支持，反轉檢定不具判別力
foreign_holding_pct,firm_fe_1cluster,0.132,-0.469,交互項不顯著為負 → H6 未獲支持，反轉檢定不具判別力
