variable,treated_mean,control_mean_unmatched,smd_unmatched,control_mean_matched,smd_matched,balanced,event
ar_m1,0.004849059135304731,-0.00016255374218675472,0.11822810115531605,-0.001058600257879276,-0.010755290085996332,True,all
ar_m2,0.0023329650099359616,-7.958260476369984e-05,0.05960578852468867,-0.0019337091906843876,0.01740709615651139,True,all
pre_car_34,0.0023333149318016445,-9.463360967974419e-05,0.04175003428297196,-0.007556061427827924,0.0026771633777075573,True,all
log_mktcap,23.0945967932389,23.0954128988877,-0.0006753496432348429,23.23233231715132,0.005822902158534485,True,all
log_turnover,5.06635018410439,4.597551898545551,0.3000342141750875,3.9550301515410182,0.2592160518018118,False,all
ar_m1,0.004444661711280811,-4.467475655748671e-05,0.11474088292873101,-0.0006237540491704685,-0.01349341441612128,True,weekend
ar_m2,0.0045851088431402565,-3.3579614171562835e-05,0.11890722690293329,-0.0014301111172082307,0.028783974833714063,True,weekend
pre_car_34,0.005259053467582447,-5.1231298702653e-05,0.08771456034031017,-0.006306607525037741,0.011003975127235622,True,weekend
log_mktcap,23.173966377873814,23.095045513794762,0.064207895288649,23.30481495001346,0.13274261572596396,False,weekend
log_turnover,4.831119580696488,4.609445291996191,0.1416831111147385,3.887827535252737,0.22848033704807638,False,weekend
ar_m1,0.004814277013902234,-0.0001539574043111154,0.11752973630595004,-0.0012173531705886012,0.0012881698847667037,True,comment
ar_m2,0.0016964591309251203,-5.893552814686659e-05,0.04480548505303479,-0.0017194044653145713,0.020701386352098335,True,comment
pre_car_34,0.0012638205271929218,-6.242925865280387e-05,0.02325135982307169,-0.008119470781148507,0.008423925041902976,True,comment
log_mktcap,23.01132924005077,23.09762968412726,-0.07203348336674809,23.175273071926917,-0.014388522986481208,True,comment
log_turnover,4.983820417293966,4.600467734435427,0.24648624404208386,3.957339187897897,0.23099538086412583,False,comment
