tau,treated_mean_ar,control_mean_ar,mean_diff,n_events,car_diff,event,sample,se,t,p,n_week_clusters
-4,0.00040403385876447136,-6.498794913838107e-05,0.00046902180790285244,2386,0.00046902180790285244,all,unmatched,,,,
-3,0.0013336715884910515,-7.505936699468275e-05,0.0014087309554857343,2386,0.0018777527633885868,all,unmatched,,,,
-2,0.0027531957367949427,-0.00010438129027630134,0.002857577027071244,2386,0.004735329790459831,all,unmatched,,,,
-1,0.005050733912898671,-0.0001630528231923103,0.005213786736090981,2386,0.009949116526550813,all,unmatched,,,,
0,0.015609978072444715,-0.00043618800298408396,0.0160461660754288,2386,0.025995282601979613,all,unmatched,,,,
1,-0.0023066252994368036,6.279629130031979e-05,-0.0023694215907371233,2386,0.02362586101124249,all,unmatched,,,,
2,0.0012366991535985295,-3.450461915510996e-05,0.0012712037727536393,2386,0.024897064783996132,all,unmatched,,,,
3,-0.00124885931212992,4.023773149903863e-05,-0.0012890970436289586,2386,0.023607967740367174,all,unmatched,,,,
4,-0.0007662031053253433,2.861673854922432e-05,-0.0007948198438745677,2386,0.022813147896492608,all,unmatched,,,,
5,-0.0014362158116770448,5.353518353599022e-05,-0.001489750995213035,2386,0.021323396901279573,all,unmatched,,,,
6,0.0003073852683814445,8.538747768424816e-06,0.00029884652061301967,2386,0.021622243421892593,all,unmatched,,,,
7,0.0008858182981540912,1.8966881647545927e-06,0.0008839216099893366,2386,0.02250616503188193,all,unmatched,,,,
8,-0.001679275504605446,7.628065443859691e-05,-0.0017555561590440428,2386,0.020750608872837886,all,unmatched,,,,
-4,-0.0016947152507916974,-0.0012557541544200108,-0.0004389610963716862,1214,-0.0004389610963716862,all,matched,0.0005884538675891463,-0.7459566850500594,0.45569358113684144,361.0
-3,-0.0022528380361616614,-0.0028275043517818977,0.000574666315620237,1214,0.0001357052192485508,all,matched,0.0005870629798572128,0.9788835871749383,0.3276375026774827,361.0
-2,-0.002131960437186701,-0.00225874983907153,0.00012678940188482892,1214,0.0002624946211333797,all,matched,0.00012796573268560675,0.9908074546514112,0.3217796085162722,361.0
-1,-0.0012439770608996376,-0.0012312088610065565,-1.2768199893080948e-05,1214,0.00024972642124029875,all,matched,0.00011574968283817975,-0.1103087246548324,0.912164538218079,361.0
0,0.010262125778140514,0.0014374874435272454,0.008824638334613262,1214,0.00907436475585356,all,matched,0.0014433033135785628,6.114195298792206,9.704539996653348e-10,361.0
1,-0.0015695414835290946,-0.0008987309658206614,-0.000670810517708434,1214,0.008403554238145126,all,matched,0.001108348514776316,-0.605234282146185,0.5450233402370037,361.0
2,-0.00037377732000071104,0.000686657564925664,-0.0010604348849263744,1214,0.0073431193532187515,all,matched,0.001096131716333729,-0.9674338121272952,0.3333272140075546,361.0
3,-0.00029072069229867483,5.927875807922548e-06,-0.00029664856810659806,1214,0.007046470785112153,all,matched,0.001246079057020522,-0.23806560782420122,0.8118302089166746,361.0
4,5.059013129623107e-05,-0.00023225465388405862,0.00028284478518029066,1214,0.007329315570292444,all,matched,0.0010635190565597126,0.2659517790825876,0.7902763466235584,361.0
5,0.0005688447470430121,0.002245668962782799,-0.0016768242157397873,1214,0.005652491354552656,all,matched,0.0012940459740336141,-1.2957995692479394,0.19504454652332426,361.0
6,0.00027357874187110325,0.0014035788781275376,-0.0011300001362564362,1214,0.00452249121829622,all,matched,0.0011521948184334745,-0.9807370404536151,0.3267224328914108,361.0
7,0.0009849516178450474,-0.0007152915198437821,0.0017002431376888308,1214,0.00622273435598505,all,matched,0.0012789760603400305,1.3293783913647308,0.18372316323111926,361.0
8,-0.0007680920162996662,0.0005759053912722028,-0.0013439974075718701,1214,0.00487873694841318,all,matched,0.0011494592347052665,-1.1692432119321614,0.24230565570078855,361.0
-4,0.0008174116932484571,0.0019524070204884206,-0.0011349953272399627,559,-0.0011349953272399627,all,clean,0.0008321675903281119,-1.3639023442290634,0.17259830294194167,271.0
-3,-0.0005563445439034903,-0.0018201293077488995,0.0012637847638454086,559,0.00012878943660544584,all,clean,0.000824311576374747,1.5331396526097907,0.12524144945655946,271.0
-2,-0.001430532041293799,-0.001463668549770348,3.313650847654872e-05,559,0.00016192594508199456,all,clean,0.00017184742844491337,0.19282516343950298,0.8470958957290492,271.0
-1,0.0006630571577756113,0.0006281958825651538,3.4861275210457515e-05,559,0.00019678722029245208,all,clean,0.0001713509744606768,0.203449529949757,0.8387836899098843,271.0
0,0.010234248333303162,0.0015034758734942314,0.008730772459808925,559,0.008927559680101376,all,clean,0.0018984663937519895,4.598855417479404,4.248184703347754e-06,271.0
1,-0.0011826418043071794,-0.0005558009715210812,-0.0006268408327860983,559,0.008300718847315277,all,clean,0.0012653436983211196,-0.49539175294254184,0.6203236150519145,271.0
2,-0.0009327079382544752,0.0005010090246250286,-0.001433716962879502,559,0.006867001884435776,all,clean,0.0015940465065251105,-0.8994197829302273,0.36842910571851617,271.0
3,-0.0006287801642143251,0.00047814002062202823,-0.0011069201848363523,559,0.005760081699599424,all,clean,0.0013875590934866024,-0.7977463374586289,0.42501770784325255,271.0
4,-0.0013535024462460298,-0.0003929725753801816,-0.0009605298708658487,559,0.004799551828733575,all,clean,0.001490683847009862,-0.644355188253069,0.5193451359761586,271.0
5,0.0006939070271288224,0.003058358064186991,-0.0023644510370581665,559,0.0024351007916754083,all,clean,0.0017282713225337534,-1.3681017593879496,0.17128022608380578,271.0
6,1.6599884548198717e-05,0.002224424799927332,-0.0022078249153791325,559,0.00022727587629627587,all,clean,0.001763234463871611,-1.2521448285052883,0.21051709536390684,271.0
7,-4.997317242131874e-05,-0.0008644491940069697,0.0008144760215856501,559,0.001041751897881926,all,clean,0.0013655061017527504,0.5964645786204812,0.5508649101478369,271.0
8,-0.00177277766935978,0.001513182673866418,-0.003285960343226196,559,-0.00224420844534427,all,clean,0.001567220210391705,-2.096680684334026,0.036021851504101435,271.0
-4,0.0014053585443144678,-6.027606389707281e-05,0.0014656346082115408,471,0.0014656346082115408,weekend,unmatched,,,,
-3,0.0036335943819744538,-5.7225393218632455e-05,0.003690819775193086,471,0.005156454383404627,weekend,unmatched,,,,
-2,0.004440525185882738,-5.271131517140357e-05,0.004493236501054141,471,0.009649690884458769,weekend,unmatched,,,,
-1,0.005143617231900779,-5.324410804252909e-05,0.0051968613399433075,471,0.014846552224402076,weekend,unmatched,,,,
0,0.0158895275302294,-9.820331068422254e-05,0.015987730840913622,471,0.030834283065315698,weekend,unmatched,,,,
1,-0.00010171776829851361,1.2019184234131334e-06,-0.00010291968672192674,471,0.030731363378593772,weekend,unmatched,,,,
2,0.001817089685725246,-1.0633384228606947e-05,0.0018277230699538529,471,0.032559086448547624,weekend,unmatched,,,,
3,-0.0014066617189371724,1.3789313845264177e-05,-0.0014204510327824366,471,0.031138635415765187,weekend,unmatched,,,,
4,-0.0011085581569809583,1.3584419222504097e-05,-0.0011221425762034623,471,0.030016492839561724,weekend,unmatched,,,,
5,-0.003458438292170253,3.254248116519855e-05,-0.0034909807733354515,471,0.026525512066226272,weekend,unmatched,,,,
6,0.0002909582566600806,1.4945987702308557e-05,0.00027601226895777203,471,0.026801524335184044,weekend,unmatched,,,,
7,2.1554446849150808e-05,2.509173668170765e-05,-3.5372898325568432e-06,471,0.02679798704535149,weekend,unmatched,,,,
8,-0.00198599550552888,4.07396012264678e-05,-0.0020267351067553476,471,0.02477125193859614,weekend,unmatched,,,,
-4,-1.3215302079947016e-05,-9.709504487074845e-06,-3.505797592872456e-06,268,-3.505797592872456e-06,weekend,matched,0.0013579563532154376,-0.002581671778014994,0.997940126235448,180.0
-3,-0.0015859645081084423,-0.0016360199494317394,5.005544132329699e-05,268,4.6549643730424534e-05,weekend,matched,0.001359246654587466,0.03682587053229785,0.9706238463335564,180.0
-2,-0.0015230029386226833,-0.0017062735666049627,0.0001832706279822792,268,0.00022982027171270376,weekend,matched,0.00023747432773284626,0.7717492233032234,0.4402629707730018,180.0
-1,0.00046744452776713595,0.000410874018814721,5.657050895241524e-05,268,0.000286390780665119,weekend,matched,0.00024587090754745405,0.23008215781485622,0.8180279290000811,180.0
0,0.008981873731344774,0.0021639283736028217,0.006817945357741951,268,0.00710433613840707,weekend,matched,0.0031815782651331945,2.1429444098419888,0.03211756239021629,180.0
1,-0.0011697322081117886,0.0019879841519601575,-0.0031577163600719476,268,0.003946619778335122,weekend,matched,0.002328789908828119,-1.3559472875167844,0.17511594035057954,180.0
2,-0.001549447330878953,-0.0007356344311434077,-0.0008138128997355436,268,0.0031328068785995786,weekend,matched,0.0024596991633132298,-0.33085871307909565,0.7407512093585731,180.0
3,-0.0004994559857511517,-0.0006246573795578655,0.00012520139380671653,268,0.003258008272406295,weekend,matched,0.0023635601936163645,0.052971527505357156,0.9577545936113641,180.0
4,0.0008429133362989439,-0.0016541411466567601,0.0024970544829557044,268,0.0057550627553619995,weekend,matched,0.0020903238560300934,1.1945778046556224,0.23225202533509626,180.0
5,1.4895443026669092e-05,0.0006808945574918686,-0.0006659991144651986,268,0.0050890636408968005,weekend,matched,0.0023188324831993766,-0.2872131209522715,0.7739491403112055,180.0
6,0.0019706955354465818,0.0020615180160337035,-9.082248058712137e-05,268,0.004998241160309679,weekend,matched,0.002460747451183888,-0.036908493207389426,0.9705579677626813,180.0
7,0.0005227681541999237,-5.739670336936833e-05,0.000580164857569291,268,0.00557840601787897,weekend,matched,0.002598530066456355,0.22326655560328704,0.8233280550651563,180.0
8,0.0006549134841501875,0.0026038415649617484,-0.0019489280808115596,268,0.0036294779370674105,weekend,matched,0.002692228547404202,-0.7239088533886474,0.46912169427866124,180.0
-4,0.002731438629079501,0.0032846829194278916,-0.0005532442903483921,118,-0.0005532442903483921,weekend,clean,0.0018686219001075525,-0.2960707515611098,0.7671760500276603,96.0
-3,0.0004913424382884524,-0.0006493260025796935,0.0011406684408681465,118,0.0005874241505197544,weekend,clean,0.0019253812341997465,0.5924377056382015,0.5535575236123597,96.0
-2,-0.0008959767779814113,-0.0007966473680032385,-9.932940997817257e-05,118,0.0004880947405415819,weekend,clean,0.00035413163342382434,-0.28048725559429266,0.7791037017793337,96.0
-1,0.0011761994218145852,0.0010844947684512391,9.170465336334594e-05,118,0.0005797993939049279,weekend,clean,0.0003539253707239634,0.25910731738660536,0.795552439096598,96.0
0,0.007012898611184954,0.0002643833488496879,0.006748515262335268,118,0.007328314656240196,weekend,clean,0.004491384190707767,1.5025468710285983,0.13295593260541702,96.0
1,0.0001944756866658437,0.002179232839730504,-0.001984757153064662,118,0.005343557503175534,weekend,clean,0.0029145110122900555,-0.6809914749662084,0.4958768847056735,96.0
2,-0.003168934015971485,0.0030546422418942904,-0.006223576257865776,118,-0.0008800187546902424,weekend,clean,0.004043088487046902,-1.539312403823127,0.12372804723709586,96.0
3,0.002344030397735406,0.0022792801166550566,6.475028108035258e-05,118,-0.0008152684736098898,weekend,clean,0.004220069519124971,0.015343415739221877,0.9877582058016076,96.0
4,-0.0013169763056142343,0.00014427778085761395,-0.0014612540864718478,118,-0.0022765225600817375,weekend,clean,0.003049685085105408,-0.4791491730108723,0.6318325098564996,96.0
5,-0.0005551988693639234,0.0004905380871585231,-0.0010457369565224455,118,-0.003322259516604183,weekend,clean,0.002772758932847975,-0.37714672708613045,0.7060645675299781,96.0
6,0.002626027368473611,0.004530669446895023,-0.0019046420784214128,118,-0.005226901595025596,weekend,clean,0.004288355059918505,-0.4441428127589809,0.6569393349337076,96.0
7,-0.0006879648971879033,-0.000583158052332952,-0.00010480684485495058,118,-0.005331708439880546,weekend,clean,0.002828623760317946,-0.03705223944069888,0.9704433532597369,96.0
8,0.0029277875335083216,0.005753014648639757,-0.0028252271151314352,118,-0.008156935555011981,weekend,clean,0.004010704211158501,-0.7044217091031408,0.4811701904238812,96.0
