term,coef,z,p,odds_ratio,n_obs,pseudo_r2,event
const,-3.8654639046953574,-7.644951175798251,2.0902462753741543e-14,0.020953199894245735,49723,0.0114700847592486,all
ar_m1,1.5647415331511543,2.8930105368778425,0.0038156849616452324,4.781438932715338,49723,0.0114700847592486,all
ar_m2,0.8151385373880301,1.4135070150938938,0.1575067002009547,2.2594886743271876,49723,0.0114700847592486,all
pre_car_34,-0.23618568691385605,-0.553381732414307,0.5800020450229565,0.789634035611667,49723,0.0114700847592486,all
log_mktcap,-0.027065482263992333,-1.2425943047927026,0.21401736965484808,0.9732975057133647,49723,0.0114700847592486,all
log_turnover,0.19159389522158185,10.568043401188632,4.1914802626243017e-26,1.2111785516795806,49723,0.0114700847592486,all
const,-6.196628762100159,-5.048659931927094,4.4491991579993394e-07,0.002036283875230604,49723,0.005717322852592965,weekend
ar_m1,1.8918813954196996,1.4218802265051391,0.1550610243943716,6.631834053431233,49723,0.005717322852592965,weekend
ar_m2,2.421326510537769,1.8257557857396107,0.06788705601806633,11.260786964422586,49723,0.005717322852592965,weekend
pre_car_34,1.5927715909338942,1.6167472019496878,0.10593286047102794,4.9173589664151836,49723,0.005717322852592965,weekend
log_mktcap,0.012708433172355874,0.24050939298289237,0.8099353823919218,1.0127895284765016,49723,0.005717322852592965,weekend
log_turnover,0.09480580634232996,2.0975676593350534,0.035943354484212334,1.0994453290842092,49723,0.005717322852592965,weekend
