portfolio,signal,status,n_weeks,weeks_contiguous,mean_ls_gross_weekly,t_gross,mean_ls_net_weekly,t_net,weekly_cost_assumed,mean_weekly_turnover,weekly_cost_full_turnover,mean_ls_net_full_turnover,sd_weekly,mechanical_annualized_gross,mechanical_annualized_net,universe,caveat
主測度 發文數｜等權・未篩選,abn_attention_weekend,OK,257,False,0.0005310522032362056,0.7129015867348253,-0.004854085214141835,-6.430016706217226,0.00538513741737804,0.3091353282076947,0.017419999999999998,-0.016888947796763792,0.011941921040282558,0.02761471456828269,-0.2524124311353754,ex-post universe,ex-post universe 之機械年化多空價差；不可解讀為年化績效、可投資報酬或策略績效
主測度 發文數｜等權・可交易性篩選後,abn_attention_weekend,OK,254,False,0.0008102149938302586,1.052817009095603,-0.005179709918911941,-6.671266220454817,0.005989924912742198,0.343853324497256,0.017419999999999998,-0.01660978500616974,0.012264906494840144,0.042131179679173444,-0.2693449157834209,ex-post universe,ex-post universe 之機械年化多空價差；不可解讀為年化績效、可投資報酬或策略績效
主測度 發文數｜市值加權・未篩選,abn_attention_weekend,OK,257,False,0.00048520165961914787,0.30115148790066465,-0.004899935757758892,-3.06761078819056,0.00538513741737804,0.3091353282076947,0.017419999999999998,-0.01693479834038085,0.02582877601456673,0.025230486300195688,-0.2547966594034624,ex-post universe,ex-post universe 之機械年化多空價差；不可解讀為年化績效、可投資報酬或策略績效
主測度 發文數｜市值加權・可交易性篩選後,abn_attention_weekend,OK,254,False,0.0006443136852432497,0.39282766649422907,-0.00534561122749895,-3.2865138745497458,0.005989924912742198,0.343853324497256,0.017419999999999998,-0.01677568631475675,0.026140395074238293,0.033504311632648984,-0.2779717838299454,ex-post universe,ex-post universe 之機械年化多空價差；不可解讀為年化績效、可投資報酬或策略績效
主測度 發文數｜雙重排序・小型股,abn_attention_weekend,OK,254,False,0.0009036692355918091,0.8965685818342074,-0.002639641043178491,-2.576793722301144,0.0035433102787703003,0.20340472323595296,0.017419999999999998,-0.01651633076440819,0.016063598468480614,0.046990800250774074,-0.13726133424528153,ex-post universe,ex-post universe 之機械年化多空價差；不可解讀為年化績效、可投資報酬或策略績效
主測度 發文數｜雙重排序・大型股,abn_attention_weekend,OK,254,False,0.0004957879894664593,0.46418192414434134,-0.007182240676986997,-6.708686816972486,0.0076780286664534575,0.4407593953187978,0.017419999999999998,-0.01692421201053354,0.017022550669377204,0.025780975452255883,-0.37347651520332387,ex-post universe,ex-post universe 之機械年化多空價差；不可解讀為年化績效、可投資報酬或策略績效
平行 獨立帳號數｜等權・未篩選,abn_attention_users_weekend,OK,257,False,0.0006491034913839458,0.8186577795518094,-0.00693612744163151,-8.708553867129446,0.007585230933015455,0.4354323153280974,0.017419999999999998,-0.016770896508616052,0.012710953020534033,0.03375338155196518,-0.36067862696483854,ex-post universe,ex-post universe 之機械年化多空價差；不可解讀為年化績效、可投資報酬或策略績效
平行 獨立帳號數｜等權・可交易性篩選後,abn_attention_users_weekend,OK,254,False,0.0006538346548056386,0.7684870858079544,-0.007487886614322258,-8.837072774260793,0.008141721269127898,0.46737779960550513,0.017419999999999998,-0.01676616534519436,0.013559641894183943,0.033999402049893206,-0.3893701039447574,ex-post universe,ex-post universe 之機械年化多空價差；不可解讀為年化績效、可投資報酬或策略績效
平行 獨立帳號數｜市值加權・未篩選,abn_attention_users_weekend,OK,257,False,0.0008018098801746926,0.5088891031869683,-0.006783421052840763,-4.323534153604175,0.007585230933015455,0.4354323153280974,0.017419999999999998,-0.016618190119825304,0.025258922109808856,0.04169411376908402,-0.3527378947477197,ex-post universe,ex-post universe 之機械年化多空價差；不可解讀為年化績效、可投資報酬或策略績效
平行 獨立帳號數｜市值加權・可交易性篩選後,abn_attention_users_weekend,OK,254,False,0.0010103580310219984,0.6252616286326382,-0.0071313632381058995,-4.428755438399261,0.008141721269127898,0.46737779960550513,0.017419999999999998,-0.016409641968978,0.025753151262080123,0.05253861761314391,-0.3708308883815068,ex-post universe,ex-post universe 之機械年化多空價差；不可解讀為年化績效、可投資報酬或策略績效
平行 獨立帳號數｜雙重排序・小型股,abn_attention_users_weekend,OK,254,False,-0.0005555906114611972,-0.48935177933225404,-0.006263984903626882,-5.469699153057404,0.005708394292165684,0.32769198003247335,0.017419999999999998,-0.017975590611461194,0.018094666570741727,-0.028890711795982255,-0.32572721498859786,ex-post universe,ex-post universe 之機械年化多空價差；不可解讀為年化績效、可投資報酬或策略績效
平行 獨立帳號數｜雙重排序・大型股,abn_attention_users_weekend,OK,254,False,0.00042265845371697953,0.3793646731074007,-0.009063747615469223,-8.110646366272428,0.009486406069186201,0.5445698087936972,0.017419999999999998,-0.016997341546283018,0.017756179705296547,0.021978239593282937,-0.4713148760043996,ex-post universe,ex-post universe 之機械年化多空價差；不可解讀為年化績效、可投資報酬或策略績效
平行 留言則數｜等權・未篩選,abn_attention_comment_weekend,OK,257,False,0.0004859903385699486,0.6113285183479286,-0.007068875355570502,-8.863585002619587,0.007554865694140451,0.43368919024916486,0.017419999999999998,-0.01693400966143005,0.01274440432437666,0.02527149760563733,-0.36758151848966614,ex-post universe,ex-post universe 之機械年化多空價差；不可解讀為年化績效、可投資報酬或策略績效
平行 留言則數｜等權・可交易性篩選後,abn_attention_comment_weekend,OK,254,False,0.0006369536381803817,0.7627268220595913,-0.00750716552230294,-9.067959389518334,0.008144119160483323,0.46751545123325616,0.017419999999999998,-0.016783046361819615,0.013309313710437089,0.03312158918537985,-0.39037260715975286,ex-post universe,ex-post universe 之機械年化多空價差；不可解讀為年化績效、可投資報酬或策略績效
平行 留言則數｜市值加權・未篩選,abn_attention_comment_weekend,OK,257,False,0.001442701716727785,0.8756790378858007,-0.006112163977412667,-3.7275317375956813,0.007554865694140451,0.43368919024916486,0.017419999999999998,-0.015977298283272212,0.026411809525727758,0.07502048926984482,-0.31783252682545865,ex-post universe,ex-post universe 之機械年化多空價差；不可解讀為年化績效、可投資報酬或策略績效
平行 留言則數｜市值加權・可交易性篩選後,abn_attention_comment_weekend,OK,254,False,0.0014495014225482646,0.8839141343745727,-0.0066946177379350585,-4.098048869480973,0.008144119160483323,0.46751545123325616,0.017419999999999998,-0.015970498577451732,0.026135175791195387,0.07537407397250975,-0.348120122372623,ex-post universe,ex-post universe 之機械年化多空價差；不可解讀為年化績效、可投資報酬或策略績效
平行 留言則數｜雙重排序・小型股,abn_attention_comment_weekend,OK,254,False,-0.00018430327406977417,-0.1606051107523968,-0.005862009644413186,-5.073512946036975,0.0056777063703434116,0.3259303312481867,0.017419999999999998,-0.017604303274069772,0.018289024741828183,-0.009583770251628257,-0.30482450150948565,ex-post universe,ex-post universe 之機械年化多空價差；不可解讀為年化績效、可投資報酬或策略績效
平行 留言則數｜雙重排序・大型股,abn_attention_comment_weekend,OK,254,False,0.0005486059777368882,0.4882242009223363,-0.008910844212772384,-7.944790809264749,0.009459450190509273,0.5430223989959401,0.017419999999999998,-0.01687139402226311,0.017908453784717823,0.028527510842318186,-0.463363899064164,ex-post universe,ex-post universe 之機械年化多空價差；不可解讀為年化績效、可投資報酬或策略績效
