ticker,name_short,variant,extended_text,side,n_ext,n_hits,share,n_contexts_tested,n_contexts_matched,leak_rate,example,status,still_matches,auto_class,auto_reason
1201,味全,味全,味全龍,after,41,465,0.0882,20,5,0.25,[新聞] 味全龍重返中職 吳志揚:相關作業已啟動 https://goo.gl/GpjPEY 味全龍重返中職 吳志揚:相關作業已啟動,LEAK：真實上下文中仍會被算成該檔,True,ambiguous,棒球隊由味全經營；球隊新聞是否構成對該股的關注度須定調
2727,王品,王品,王品集,after,101,893,0.1131,30,4,0.133,"連結: https://money.udn.com/money/story/5607/3683337 2.原文內容: 王品集團今(7)日召開董事會,通過2018年財務報告,受惠店數增加、持續聚焦「新品 牌發展」、「多品牌持續優化」與「增長品牌加",LEAK：真實上下文中仍會被算成該檔,True,ambiguous,集團泛稱；王品集團旗下多品牌，但主體即 2727
2727,王品,王品,王品集團,after,101,893,0.1131,30,4,0.133,"連結: https://money.udn.com/money/story/5607/3683337 2.原文內容: 王品集團今(7)日召開董事會,通過2018年財務報告,受惠店數增加、持續聚焦「新品 牌發展」、「多品牌持續優化」與「增長品牌加速",LEAK：真實上下文中仍會被算成該檔,True,ambiguous,同上
2705,六福,六福,六福村,after,45,274,0.1642,27,2,0.074,"保證,消費者如有退票需求,可直接至訂席中心依票面金額退費。至於逾期未使用票 券將視同現金,可於集團旗下台北六福萬怡酒店、六福村主題遊樂園等事業體使用。 3.心得/評論:是直接不做飯店了?三星級老飯店,很久囉,沒說改建後要蓋成什麼建物?",LEAK：真實上下文中仍會被算成該檔,True,ambiguous,六福村主題樂園由六福開發經營，但文章多在談樂園本身而非上市公司
2849,安泰銀,安泰銀,安泰銀行,after,77,273,0.2821,30,30,1.0,"。這13家銀行包 含王道銀行、臺灣企銀、兆豐銀行、元大銀行、合作金庫銀行、第一銀行、華南銀行、國 泰世華銀行、星展銀行、安泰銀行、高雄銀行、玉山銀行和陽信銀行。 王道銀行指出,易京揚實業公司與銀行的授信往來金額約14.73億元,過去還款情形正常",LEAK：真實上下文中仍會被算成該檔,True,correct,安泰銀行即安泰商業銀行本身
2838,聯邦銀,聯邦銀,聯邦銀行,after,65,504,0.129,30,30,1.0,"年與順豐速運合作導入「掌櫃智能 櫃」,民眾只要下載App,就能獲得和超商一樣的寄件與取件服務;今年1月初,小北百貨 再與聯邦銀行合作,導入ATM服務。 另外,台南地區分店也與ECOCO合作,提供智慧回收機服務,方便民眾回收保特瓶、飲料 瓶等;後續",LEAK：真實上下文中仍會被算成該檔,True,correct,聯邦銀行即聯邦商業銀行本身
2836,高雄銀,高雄銀,高雄銀行,after,63,298,0.2114,30,23,0.767,"即將 於八月屆齡的華南金控總經理羅寶珠也沒有延任,華南銀總經理鄭永春同樣在這次異動名 單當中。至於新的華南金董座則確定由高雄銀行董事長張雲鵬接任。 而土銀董事長則由原合庫總經理黃伯川接任,而土銀總經理則由台灣銀行副總經理謝娟娟 升任。至於合庫的總",LEAK：真實上下文中仍會被算成該檔,True,correct,高雄銀行即高雄銀本身
1218,泰山,泰山,泰山公,after,131,1277,0.1026,30,9,0.3,"文內容: 泰山第三代公司爆詐貸逾10億 欽泰老闆遭搜索約談 出版時間:2019/04/08 15:53 欽泰公司專將泰山公司的仙草蜜、八寶粥等產品行銷至國外,如今爆出詐貸疑雲。資料 照片 老牌食品廠泰山公司第三代家族成員詹舜淇開設的台灣欽泰",LEAK：真實上下文中仍會被算成該檔,True,correct,泰山公司即泰山企業本身
1218,泰山,泰山,泰山公司,after,127,1277,0.0995,30,9,0.3,"文內容: 泰山第三代公司爆詐貸逾10億 欽泰老闆遭搜索約談 出版時間:2019/04/08 15:53 欽泰公司專將泰山公司的仙草蜜、八寶粥等產品行銷至國外,如今爆出詐貸疑雲。資料 照片 老牌食品廠泰山公司第三代家族成員詹舜淇開設的台灣欽泰國",LEAK：真實上下文中仍會被算成該檔,True,correct,同上
2912,統一超,統一超,統一超商,after,131,883,0.1484,30,6,0.2,"n推出首間未來無人商店「X-Store」,引起熱議,而進到店內需要會員 臉部辨識或持有i-cash,近期似乎嚐鮮期過了;統一超商總經理黃瑞典坦言,無人超商投 入的成本遠超過收益,要繼續展店很難,目前要暫時擱置,「X-Store一開始很多人去嘗 試,",LEAK：真實上下文中仍會被算成該檔,True,correct,統一超商即統一超本身
2101,南港,南港,南港輪,after,65,791,0.0822,30,6,0.2,、亞洲水泥、嘉新水泥、環球水泥 食品工業: 味全食品、味王醱酵、津津食品、味王罐頭 化學工業: 中國化學、新竹玻璃、南港輪胎、台灣塑膠、南亞塑膠、台灣聚合、華夏塑膠 台灣玻璃、南僑化工、台灣火柴、國泰塑膠 紡織工業: 中國人纖、遠東紡織、大,LEAK：真實上下文中仍會被算成該檔,True,correct,南港輪胎即南港本身
2101,南港,南港,南港輪胎,after,65,791,0.0822,30,6,0.2,、亞洲水泥、嘉新水泥、環球水泥 食品工業: 味全食品、味王醱酵、津津食品、味王罐頭 化學工業: 中國化學、新竹玻璃、南港輪胎、台灣塑膠、南亞塑膠、台灣聚合、華夏塑膠 台灣玻璃、南僑化工、台灣火柴、國泰塑膠 紡織工業: 中國人纖、遠東紡織、大明,LEAK：真實上下文中仍會被算成該檔,True,correct,同上
2015,豐興,豐興,豐興鋼,after,43,343,0.1254,19,4,0.211,"具機 波及棒線產品 2019-06-14 13:36中央社 記者韋樞台北14日電 中部鋼鐵大廠豐興今天舉行股東常會,豐興鋼鐵表示,由於美中貿易戰影響,機械和工具 機業受波及,連帶影響豐興的棒線特殊鋼產品,僅鋼筋和型鋼產品表現持穩。 豐興鋼鐵",LEAK：真實上下文中仍會被算成該檔,True,correct,豐興鋼鐵即豐興本身
2707,晶華,晶華,晶華酒,after,47,452,0.104,30,2,0.067,"2016年政黨輪替後不了了之。 韓國瑜昨日受邀出席工商協進會理監事會議,並以「南方崛起 高雄首富」為題發表專題 演講,晶華酒店董事長潘思亮還當著韓國瑜的面,表態期待高雄可以重新推動自由經濟示 範區,且租稅優惠比照新加坡,進而大幅提升外資對高雄投",LEAK：真實上下文中仍會被算成該檔,True,correct,晶華酒店即晶華國際酒店本身
2707,晶華,晶華,晶華酒店,after,47,452,0.104,30,2,0.067,"2016年政黨輪替後不了了之。 韓國瑜昨日受邀出席工商協進會理監事會議,並以「南方崛起 高雄首富」為題發表專題 演講,晶華酒店董事長潘思亮還當著韓國瑜的面,表態期待高雄可以重新推動自由經濟示 範區,且租稅優惠比照新加坡,進而大幅提升外資對高雄投資",LEAK：真實上下文中仍會被算成該檔,True,correct,同上
2312,金寶,金寶,金寶-D,after,711,2027,0.3508,30,21,0.7,股淨值低於4元、高於3元以上有上揚(6222)3.99元、中美實(4702)3.96元、進 泰(3465)3.94元、泰金寶-DR(9105)3.73元、劍湖山(5701)3.49元、中視(9928) 3.46元、尚茂(8291)3.44元、,LEAK：真實上下文中仍會被算成該檔,True,wrong,同上，DR 代碼
2312,金寶,金寶,金寶-DR,after,711,2027,0.3508,30,21,0.7,股淨值低於4元、高於3元以上有上揚(6222)3.99元、中美實(4702)3.96元、進 泰(3465)3.94元、泰金寶-DR(9105)3.73元、劍湖山(5701)3.49元、中視(9928) 3.46元、尚茂(8291)3.44元、,LEAK：真實上下文中仍會被算成該檔,True,wrong,同上，DR 代碼
1301,台塑,台塑,台塑四,after,645,4771,0.1352,30,17,0.567,"強名單內。 若由各公司現金股利總額觀察,台積電2018年現金股利勇破2,000億元大關,但其中八 成由外資領走,至於台塑四寶更是大方給,台塑化上看457億元,南亞、台塑及台化現金 股利總額也在363~396億元的高水準;此外,中華電也撥出34",LEAK：真實上下文中仍會被算成該檔,True,wrong,「台塑四寶」是四家公司的泛稱，不是台塑本身
1301,台塑,台塑,台塑四寶,after,634,4771,0.1329,30,17,0.567,"強名單內。 若由各公司現金股利總額觀察,台積電2018年現金股利勇破2,000億元大關,但其中八 成由外資領走,至於台塑四寶更是大方給,台塑化上看457億元,南亞、台塑及台化現金 股利總額也在363~396億元的高水準;此外,中華電也撥出347",LEAK：真實上下文中仍會被算成該檔,True,wrong,同上
2312,金寶,金寶, 泰金寶,before,624,2027,0.3078,30,14,0.467,[標的] 泰金寶火箭式噴出多 標的:泰金寶9105 DR 分類:多 分析: 1. 這幾年都有配股利有基本面又搭上防疫話題本益比及本夢比兼,LEAK：真實上下文中仍會被算成該檔,True,wrong,泰金寶-DR 是 9105，另一檔證券（金寶的泰國子公司）
1810,和成,和成,溫和成,before,120,695,0.1727,30,14,0.467,"電指出,去年POS品牌營收在成熟市場中締造新猷,IPC於集團中成長力道最為強勁, 繳交雙位數成長成績,KIOSK營收重返溫和成長,在部分大客戶新舊產品交替的轉換調整 期中,仍成功在同應用領域布建新客群,預期新客戶營收貢獻將於中長期逐步發酵。 以",LEAK：真實上下文中仍會被算成該檔,True,wrong,斷詞錯誤：「溫和」＋「成…」
1810,和成,和成,和成長,after,203,695,0.2921,30,13,0.433,"指出,去年POS品牌營收在成熟市場中締造新猷,IPC於集團中成長力道最為強勁, 繳交雙位數成長成績,KIOSK營收重返溫和成長,在部分大客戶新舊產品交替的轉換調整 期中,仍成功在同應用領域布建新客群,預期新客戶營收貢獻將於中長期逐步發酵。 以營",LEAK：真實上下文中仍會被算成該檔,True,wrong,斷詞錯誤：「…和」＋「成長…」，非和成欣業
2312,金寶,金寶,泰金寶,before,957,2027,0.4721,30,12,0.4,每股淨值低於4元、高於3元以上有上揚(6222)3.99元、中美實(4702)3.96元、進 泰(3465)3.94元、泰金寶-DR(9105)3.73元、劍湖山(5701)3.49元、中視(9928) 3.46元、尚茂(8291)3.44元、,LEAK：真實上下文中仍會被算成該檔,True,wrong,泰金寶-DR 是 9105，另一檔證券（金寶的泰國子公司）
1434,福懋,福懋,福懋油,after,125,523,0.239,30,12,0.4,艾華電子 0.229 562 3115 寶島極 0.227 561 1225 福懋油 0.227 561 1419 新紡 0.227 561 1315 達新工業 0.2,LEAK：真實上下文中仍會被算成該檔,True,wrong,福懋油是 1225，另一家上市公司
1536,和大,和大,和大家,after,106,1271,0.0834,30,12,0.4,"不是因為郭台銘是因為 大家愛中華民國真心不換。 以下是郭台銘臉書全文: 想想為何國旗帽會爆紅呢? 這兩天忙海外行程,沒和大家分享心情,但因為我收到一則來訊,讓我十分感動,而且鴻 海股東們一定很開心,所以雖然晚了點,還是趕快和大家報告。 幫鴻海",LEAK：真實上下文中仍會被算成該檔,True,wrong,斷詞錯誤：「…和」＋「大家…」，非和大工業
1519,華城,華城,京華城,before,226,1640,0.1378,30,9,0.3,"位:新台幣 10.0000元 3.心得/評論: 好幾年沒配的中石化開獎了,不知道月底的京華城拍賣如何...禮拜一電梯向__",LEAK：真實上下文中仍會被算成該檔,True,wrong,京華城都更案／司法案件，非華城電機。2023–24 與華城行情同期，汙染與應變數同時發生，比隨機雜訊更糟
1810,和成,和成,和成本,after,138,695,0.1986,30,7,0.233,"中國市場的投資計劃,還有近1/4企業已延緩在中國的投資。 此外,還有約1/5企業已經或正在考慮把生產線移出中國,而關稅和成本高漲是最主要的兩個原因,還有一些外企已經開始辭退員工。 大陸資深財經人士週二發推文說,川普對華商品加徵關稅的決定,可能",LEAK：真實上下文中仍會被算成該檔,True,wrong,斷詞錯誤：「…和」＋「成本…」
1434,福懋,福懋,福懋科,after,71,523,0.1358,30,7,0.233,"2)、聯陽(3014)、迅德(6292)、禾伸堂(3026)、敦陽科(2480)、 森鉅(8942)、宏益(1452)及福懋科(8131)等16家,現金股利皆超過1.5元,最高有9 元不等。 歐洲央行(ECB)延遲升息並向銀行提供新一輪低成本貸",LEAK：真實上下文中仍會被算成該檔,True,wrong,福懋科是 8131，另一家上市公司
1713,國化,國化,中國化,before,78,191,0.4084,30,6,0.2,5萬XD 現在三萬就有4K電視65吋 這都是中國汙染自己環境換來的 何必要對這些東西課稅呢 一點意義也沒有..... 中國化學工廠 三不五時就在大爆炸 你逼這些工廠出走 去其他國家爆炸?!,LEAK：真實上下文中仍會被算成該檔,True,wrong,「中國」＋「化…」（中國化工／汙染），非國化
2901,欣欣,欣欣,片欣欣,before,49,187,0.262,30,6,0.2,"牌嗎? 還沒翻就這樣了耶! 真的還好你不是美國公衛官僚 怎麼不繼續擁護你的蓋牌當流感就沒事論? 還講的好像老人死光就一片欣欣向榮 近代之前能跟現在比嗎? 歷史上哪個時代有像現在是老人這麼多還在掌權的? 而且現代老人根本不是以往的二分法""老了=沒",LEAK：真實上下文中仍會被算成該檔,True,wrong,同上
2901,欣欣,欣欣,一片欣欣,before,49,187,0.262,30,6,0.2,"翻牌嗎? 還沒翻就這樣了耶! 真的還好你不是美國公衛官僚 怎麼不繼續擁護你的蓋牌當流感就沒事論? 還講的好像老人死光就一片欣欣向榮 近代之前能跟現在比嗎? 歷史上哪個時代有像現在是老人這麼多還在掌權的? 而且現代老人根本不是以往的二分法""老了=沒",LEAK：真實上下文中仍會被算成該檔,True,wrong,成語「一片欣欣向榮」，非欣欣天然氣
1713,國化,國化,美國化,before,54,191,0.2827,30,5,0.167,[新聞] 李克強訪歐讓步 歐盟「美國化」 1.原文連結: https://www.epochtimes.com/b5/19/4/9/n11174126.htm,LEAK：真實上下文中仍會被算成該檔,True,wrong,「美國」＋「化」，非國化
1612,宏泰,宏泰,宏泰人壽,after,58,286,0.2028,24,4,0.167,"只有4.7元本錢。 他也發現,部分壽險的(股東權益/資產)的比例頗低,例如全球人壽的3.17%、第一金人壽的1.5%、宏泰人壽3.2%、遠雄4.56%、三商美邦3.72%、新光人壽3.62%、南山4.64%、台銀人壽2.59%,扣除公營的壽險,全",LEAK：真實上下文中仍會被算成該檔,True,wrong,宏泰人壽是未上市壽險，非宏泰建設
1612,宏泰,宏泰,宏泰人,after,58,286,0.2028,24,3,0.125,"只有4.7元本錢。 他也發現,部分壽險的(股東權益/資產)的比例頗低,例如全球人壽的3.17%、第一金人壽的1.5%、宏泰人壽3.2%、遠雄4.56%、三商美邦3.72%、新光人壽3.62%、南山4.64%、台銀人壽2.59%,扣除公營的壽險,",LEAK：真實上下文中仍會被算成該檔,True,wrong,同上，切在詞中間
1752,南光,南光,陳南光,before,76,209,0.3636,27,2,0.074,"回從事金融投資管理運用範 圍、研議財富管理方案、吸引國際企業來台掛牌、提供企業發展所需資金等措施。 台灣中央銀行副總裁陳南光表示,在全球供應鏈重組之際,台灣政府趁機促進產業轉型升 級,並推出「歡迎台商回台投資行動方案」、境外資金匯回條例等,同時",LEAK：真實上下文中仍會被算成該檔,True,wrong,人名（前央行副總裁），非南光化學。**v1 未識別的新機制：人名撞股名**
2605,新興,新興,新興市,after,1408,3923,0.3589,30,2,0.067,"5%,最終11月升至20%。同在11月,將中盤A股以20%的納入因數一步納入MSCI中 國指數。三步驟完成後,MSCI新興市場指數將涵蓋253檔A股大盤股、168檔A股中盤股,形 式上的權重占3.3%。 MSCI的CEO Henry",LEAK：真實上下文中仍會被算成該檔,True,wrong,「新興市場」，非新興航運
2312,金寶,金寶,  泰金寶,before,437,2027,0.2156,30,2,0.067,"......Space X創辦人馬斯克推出「星鏈計畫」,衝刺低軌衛星布局 ,被外界視為6G發展關鍵。台廠將跟隨計畫成長。 泰金寶賭賭看.出處置搞不好翻倍.",LEAK：真實上下文中仍會被算成該檔,True,wrong,泰金寶-DR 是 9105，另一檔證券（金寶的泰國子公司）
1210,大成,大成,大成長,after,313,3749,0.0835,30,2,0.067,"5元,潛在跌幅達27%。 其他多數外資則普遍維持偏多觀點,例如德意志認為,和大今年重點在第2季轉折,屆時 營收會比首季大成長,支撐全年業績向上,最新目標價由161元調整為144元,仍居外資前 三高;另一家大和資本則重申較中性的「持有」,目標價1",LEAK：真實上下文中仍會被算成該檔,True,wrong,斷詞錯誤：「…大」＋「成長…」，非大成長城
1303,南亞,南亞,南亞科 ,after,1877,8454,0.222,30,1,0.033,75 2888 新光金 -11969 3226639 26.47 2408 南亞科 -10295 649163 21.21 3481 群創,LEAK：真實上下文中仍會被算成該檔,True,wrong,南亞科是 2408，另一家上市公司
1303,南亞,南亞,南亞科  ,after,1781,8454,0.2107,30,1,0.033,75 2888 新光金 -11969 3226639 26.47 2408 南亞科 -10295 649163 21.21 3481 群創,LEAK：真實上下文中仍會被算成該檔,True,wrong,南亞科是 2408，另一家上市公司
2905,三商,三商,三商壽,after,1088,1863,0.584,30,1,0.033,─────────────────────────────────────── 1. 標的:2867三商壽 2. 分類:多/空/請益/心得 請益 3. 分析/正文:買了196張10.60勝率大嗎? 不知道該放,LEAK：真實上下文中仍會被算成該檔,True,wrong,三商美邦人壽是 2867
2905,三商,三商,三商美,after,314,1863,0.1685,30,1,0.033,"[新聞] 三商美邦通過虧損撥補案,無發放股利 1.原文連結: ※過長無法點擊者必須縮網址 http://mops.twse.com.tw",LEAK：真實上下文中仍會被算成該檔,True,wrong,同上
2905,三商,三商,三商美邦,after,312,1863,0.1675,30,1,0.033,"[新聞] 三商美邦通過虧損撥補案,無發放股利 1.原文連結: ※過長無法點擊者必須縮網址 http://mops.twse.com.tw/",LEAK：真實上下文中仍會被算成該檔,True,wrong,同上
2723,美食-KY,美食,來美食,before,108,595,0.1815,30,1,0.033,"升,每股獲利表現佳、且近期股價強勢的 個股計有15檔。 觀察首季毛利率表現,以信驊63.5%居冠,美吾華60.6%、漢來美食46.2%,名列第二與第 三;另外,花仙子、老爺知、臺鹽、元翎、中華電、統一、統一超、新鉅科等,第1季毛 利率也都超過三",LEAK：真實上下文中仍會被算成該檔,True,wrong,同上，切在詞中間
2723,美食-KY,美食,漢來美食,before,108,595,0.1815,30,1,0.033,"提升,每股獲利表現佳、且近期股價強勢的 個股計有15檔。 觀察首季毛利率表現,以信驊63.5%居冠,美吾華60.6%、漢來美食46.2%,名列第二與第 三;另外,花仙子、老爺知、臺鹽、元翎、中華電、統一、統一超、新鉅科等,第1季毛 利率也都超過三",LEAK：真實上下文中仍會被算成該檔,True,wrong,漢來美食是 1268，另一家上市公司
